Constituency,Electorate,County,Region,MP,Party,Second Party,Majority,Brexit,%,Home Ownership Rate,Median House Price,Average Salary,Public Sector Employed,Degree-educated,Non-UK Born
Brent North,"83,788",London (Brent),London,Barry Gardiner,Labour,Conservatives,"10,514",Remain,57%,55%,"£475,000","£30,600",29.00%,32.90%,59.30%
East Ham,"88,319",London (Newham),London,Stephen Timms,Labour,Independent,"6,708",Remain,53%,38%,"£411,525","£31,400",26.00%,29.80%,55.50%
Brent Central,"84,032",London (Brent),London,Dawn Butler,Labour,Conservatives,"20,870",Remain,57%,35%,"£505,000","£31,200",13.10%,29.80%,54.20%
Westminster North,"65,519",London (Westminster),London,Karen Buck,Labour,Labour,"17,121",Remain,67%,30%,"£810,000","£42,600",14.20%,47.30%,53.60%
"Ealing, Southall","64,581",London (Ealing),London,Virendra Sharma,Labour,Conservatives,"16,084",Remain,58%,54%,"£482,000","£31,200",26.30%,30.80%,52.40%
Kensington,"64,609",London (Kensington and Chelsea),London,Felicity Buchan,Conservative,Labour,150,Remain,69%,34%,"£1,300,000","£42,600",10.30%,52.20%,52.30%
Tottenham,"75,740",London (Haringey),London,David Lammy,Labour,Conservatives,"30,175",Remain,76%,32%,"£452,000","£31,900",19.00%,29.30%,52.20%
Cities of London and Westminster,"63,700",London (City and Westminster),London,Nickie Aiken,Conservative,Liberal Democracts,"3,953",Remain,71%,32%,"£1,100,000","£43,200",11.10%,54.50%,52.00%
West Ham,"97,947",London (Newham),London,Lyn Brown,Labour,Conservatives,"32,388",Remain,53%,29%,"£415,000","£32,600",24.50%,30.50%,52.00%
Harrow East,"72,106",London (Harrow),London,Bob Blackman,Conservative,Labour,"8,170",Remain,53%,68%,"£495,000","£33,600",19.90%,32.70%,46.90%
Harrow West,"72,464",London (Harrow),London,Gareth Thomas,Labour Co-op,Conservatives,"8,692",Remain,57%,60%,"£459,990","£37,500",14.60%,38.50%,46.70%
Ealing Central and Acton,"75,510",London (Ealing),London,Rupa Huq,Labour,Conservatives,"13,300",Remain,71%,46%,"£595,000","£36,700",11.70%,48.40%,46.60%
Ilford South,"84,972",London (Redbridge),London,Sam Tarry,Labour,Conservatives,"24,101",Remain,56%,57%,"£410,000","£33,500",29.50%,32.50%,46.60%
Ealing North,"74,473",London (Ealing),London,James Murray,Labour Co-op,Conservatives,"12,269",Remain,54%,55%,"£450,000","£31,100",16.80%,30.40%,46.50%
Hampstead and Kilburn,"86,571",London (Brent and Camden),London,Tulip Siddiq,Labour,Conservatives,"14,188",Remain,77%,38%,"£850,000","£41,400",21.40%,54.00%,45.90%
Poplar and Limehouse,"91,836",London (Tower Hamlets),London,Apsana Begum,Labour,Conservatives,"28,904",Remain,66%,25%,"£520,000","£42,600",10.10%,42.50%,45.40%
Hammersmith,"74,759",London (Hammersmith and Fulham),London,Andy Slaughter,Labour,Conservatives,"17,847",Remain,69%,31%,"£730,000","£40,000",20.10%,47.50%,44.60%
Hendon,"82,661",London (Barnet),London,Matthew Offord,Conservative,Labour,"4,230",Remain,58%,52%,"£508,000","£32,900",24.20%,35.20%,44.10%
Feltham and Heston,"80,934",London (Hounslow),London,Seema Malhotra,Labour Co-op,Conservatives,"7,859",Leave,56%,51%,"£365,000","£28,700",15.10%,25.80%,43.70%
Chelsea and Fulham,"67,110",London (Hammersmith and Fulham and Kensington and Chelsea),London,Greg Hands,Conservative,Liberal Democracts,"11,241",Remain,71%,40%,"£995,000","£43,200",18.70%,53.70%,43.40%
Leicester East,"78,433",Leicestershire,East Midlands,Claudia Webbe,Labour,Conservatives,"6,019",Leave,53%,58%,"£218,000","£22,200",26.10%,18.30%,43.30%
Leyton and Wanstead,"64,852",London (Redbridge and Waltham Forest),London,John Cryer,Labour,Conservatives,"20,808",Remain,63%,47%,"£495,875","£36,300",25.90%,36.30%,43.10%
Walthamstow,"70,267",London (Waltham Forest),London,Stella Creasy,Labour Co-op,Conservatives,"30,862",Remain,67%,45%,"£480,000","£34,400",25.50%,31.30%,43.00%
Edmonton,"65,747",London (Enfield),London,Kate Osamor,Labour Co-op,Conservatives,"16,015",Remain,55%,49%,"£380,000","£29,800",28.40%,22.30%,43.00%
Brentford and Isleworth,"85,775",London (Hounslow),London,Ruth Cadbury,Labour,Conservatives,"8,079",Remain,57%,49%,"£519,250","£37,800",10.50%,42.80%,42.90%
Finchley and Golders Green,"77,573",London (Barnet),London,Mike Freer,Conservative,Liberal Democracts,"6,562",Remain,69%,55%,"£638,000","£33,200",9.80%,46.50%,42.40%
Bermondsey and Old Southwark,"93,248",London (Southwark),London,Neil Coyle,Labour,Liberal Democracts,"16,126",Remain,73%,24%,"£540,000","£38,600",18.90%,44.50%,41.90%
Vauxhall,"88,659",London (Lambeth),London,Florence Eshalomi,Labour,Liberal Democracts,"19,612",Remain,78%,26%,"£650,000","£37,300",18.60%,48.70%,41.00%
Camberwell and Peckham,"88,971",London (Southwark),London,Harriet Harman,Labour,Conservatives,"33,780",Remain,70%,27%,"£500,000","£33,800",31.00%,37.60%,40.80%
Croydon North,"88,468",London (Croydon),London,Steve Reed,Labour Co-op,Conservatives,"24,673",Remain,59%,51%,"£358,000","£31,200",22.90%,30.50%,40.80%
Bethnal Green and Bow,"88,262",London (Tower Hamlets),London,Rushanara Ali,Labour,Conservatives,"37,524",Remain,69%,23%,"£499,000","£36,600",29.20%,39.60%,40.70%
Holborn and St Pancras,"86,061",London (Camden),London,Keir Starmer,Labour,Conservatives,"27,763",Remain,73%,27%,"£720,000","£36,500",12.30%,45.20%,40.30%
Mitcham and Morden,"70,021",London (Merton),London,Siobhain McDonagh,Labour,Conservatives,"16,482",Remain,55%,56%,"£415,000","£30,400",17.30%,28.20%,40.30%
"Birmingham, Ladywood","74,912",West Midlands,West Midlands,Shabana Mahmood,Labour,Conservatives,"28,582",Remain,64%,29%,"£197,000","£28,900",26.70%,24.90%,40.30%
Hayes and Harlington,"72,357",London (Hillingdon),London,John McDonnell,Labour,Conservatives,"9,261",Leave,59%,55%,"£401,000","£29,400",8.00%,23.00%,40.30%
Hackney South and Shoreditch,"89,387",London (Hackney),London,Meg Hillier,Labour Co-op,Conservatives,"33,985",Remain,78%,20%,"£650,000","£35,100",13.70%,41.50%,40.20%
Slough,"86,818",Berkshire,South East,Tan Dhesi,Labour,Conservatives,"13,640",Leave,54%,53%,"£330,000","£32,200",17.60%,25.90%,39.30%
Lewisham West and Penge,"74,617",London (Bromley and Lewisham),London,Ellie Reeves,Labour,Conservatives,"21,543",Remain,66%,34%,"£460,100","£36,100",23.70%,41.60%,39.00%
Streatham,"84,783",London (Lambeth),London,Bell Ribeiro-Addy,Labour,Liberal Democracts,"17,690",Remain,80%,39%,"£530,000","£38,300",19.70%,46.60%,38.90%
Hackney North and Stoke Newington,"92,462",London (Hackney),London,Diane Abbott,Labour,Conservatives,"33,188",Remain,79%,27%,"£588,000","£37,000",12.50%,42.10%,38.00%
Putney,"65,556",London (Wandsworth),London,Fleur Anderson,Labour,Conservatives,"4,774",Remain,73%,47%,"£635,000","£41,400",12.40%,51.60%,37.10%
Hornsey and Wood Green,"81,814",London (Haringey),London,Catherine West,Labour,Liberal Democracts,"19,242",Remain,75%,46%,"£625,000","£39,100",17.30%,52.00%,36.70%
Islington South and Finsbury,"70,489",London (Islington),London,Emily Thornberry,Labour,Liberal Democracts,"17,328",Remain,72%,27%,"£750,000","£43,900",14.10%,47.40%,36.30%
Greenwich and Woolwich,"79,997",London (Greenwich),London,Matthew Pennycook,Labour,Conservatives,"18,464",Remain,64%,32%,"£487,500","£37,000",25.10%,40.00%,35.80%
Wimbledon,"68,240",London (Merton),London,Stephen Hammond,Conservative,Liberal Democracts,628,Remain,71%,62%,"£700,000","£44,700",12.50%,54.40%,35.10%
Tooting,"76,954",London (Wandsworth),London,Rosena Allin-Khan,Labour,Conservatives,"14,307",Remain,75%,48%,"£632,000","£39,000",44.20%,51.40%,34.70%
Islington North,"75,162",London (Islington),London,Jeremy Corbyn,Labour,Liberal Democracts,"26,188",Remain,78%,30%,"£595,000","£40,100",31.50%,48.80%,34.60%
Battersea,"79,350",London (Wandsworth),London,Marsha de Cordova,Labour,Conservatives,"5,668",Remain,77%,42%,"£748,250","£43,400",11.70%,57.40%,34.50%
"Enfield, Southgate","65,525",London (Enfield),London,Bambos Charalambous,Labour,Conservatives,"4,450",Remain,62%,66%,"£575,000","£34,300",14.00%,38.20%,34.30%
Leicester South,"77,708",Leicestershire,East Midlands,Jonathan Ashworth,Labour Co-op,Conservatives,"22,675",Remain,58%,46%,"£185,000","£25,100",22.90%,24.80%,33.80%
Barking,"77,953",London (Barking and Dagenham),London,Margaret Hodge,Labour,Conservatives,"15,427",Leave,60%,43%,"£318,000","£30,900",20.00%,21.80%,33.60%
Luton South,"69,338",Bedfordshire,Eastern,Rachel Hopkins,Labour,Conservatives,"8,756",Leave,55%,55%,"£260,000","£28,300",12.50%,22.80%,33.10%
"Manchester, Gorton","76,419",Greater Manchester,North West,Afzal Khan,Labour,Conservatives,"30,339",Remain,62%,39%,"£168,500","£27,300",23.10%,26.00%,32.60%
Dulwich and West Norwood,"80,331",London (Lambeth and Southwark),London,Helen Hayes,Labour,Greens,"27,310",Remain,78%,41%,"£582,500","£36,900",38.70%,47.60%,32.40%
Bradford West,"70,694",West Yorkshire,Yorkshire & the Humber,Naz Shah,Labour,Conservatives,"27,019",Remain,53%,56%,"£115,000","£25,000",31.50%,19.70%,32.40%
"Birmingham, Hall Green","80,283",West Midlands,West Midlands,Tahir Ali,Labour,Conservatives,"28,508",Remain,66%,58%,"£220,000","£27,800",18.70%,27.00%,31.80%
Ilford North,"72,973",London (Redbridge),London,Wes Streeting,Labour,Conservatives,"5,218",Leave,53%,68%,"£463,050","£35,200",23.40%,30.10%,30.80%
Erith and Thamesmead,"65,399",London (Bexley and Greenwich),London,Abena Oppong-Asare,Labour,Conservatives,"3,758",Leave,54%,52%,"£335,000","£30,300",22.60%,24.90%,30.60%
Manchester Central,"92,247",Greater Manchester,North West,Lucy Powell,Labour Co-op,Conservatives,"29,089",Remain,63%,27%,"£205,000","£27,500",16.60%,29.70%,30.30%
"Lewisham, Deptford","80,631",London (Lewisham),London,Vicky Foxcroft,Labour,Conservatives,"32,913",Remain,75%,50%,"£431,500","£33,700",24.20%,34.30%,30.00%
Richmond Park,"82,699",London (Kingston upon Thames and Richmond upon Thames),London,Sarah Olney,Liberal Democrats,Labour,"27,210",Remain,73%,61%,"£800,000","£44,300",17.80%,55.20%,29.90%
"Birmingham, Perry Barr","72,006",West Midlands,West Midlands,Khalid Mahmood,Labour,Conservatives,"15,317",Leave,51%,62%,"£165,000","£25,700",20.90%,19.20%,29.80%
Cambridge,"79,951",Cambridgeshire,Eastern,Daniel Zeichner,Labour,Liberal Democracts,"9,639",Remain,74%,46%,"£428,000","£33,800",12.80%,46.80%,29.60%
Chipping Barnet,"79,960",London (Barnet),London,Theresa Villiers,Conservative,Labour,"1,212",Remain,59%,67%,"£593,500","£38,700",26.30%,39.30%,29.20%
"Birmingham, Hodge Hill","78,295",West Midlands,West Midlands,Liam Byrne,Labour,Conservatives,"28,655",Leave,52%,53%,"£152,000","£24,100",45.50%,12.10%,28.80%
Oxford East,"78,303",Oxfordshire,South East,Anneliese Dodds,Labour Co-op,Conservatives,"17,832",Remain,68%,45%,"£385,000","£32,700",24.40%,37.70%,27.70%
Lewisham East,"67,857",London (Lewisham),London,Janet Daby,Labour,Conservatives,"17,008",Remain,65%,47%,"£435,000","£36,100",20.90%,37.40%,27.70%
Kingston and Surbiton,"81,975",London (Kingston upon Thames),London,Ed Davey,Liberal Democrats,Conservatives,"10,489",Remain,59%,64%,"£475,000","£38,500",14.40%,38.60%,27.20%
Enfield North,"68,301",London (Enfield),London,Feryal Clark,Labour,Conservatives,"6,492",Remain,51%,60%,"£401,000","£34,600",26.70%,25.90%,27.20%
Luton North,"68,185",Bedfordshire,Eastern,Sarah Owen,Labour,Conservatives,"9,247",Leave,58%,67%,"£265,000","£31,200",39.30%,21.80%,27.10%
Blackley and Broughton,"73,372",Greater Manchester,North West,Graham Stringer,Labour,Conservatives,"14,402",Leave,51%,36%,"£149,250","£24,600",34.20%,19.80%,26.40%
Croydon Central,"81,407",London (Croydon),London,Sarah Jones,Labour,Conservatives,"5,949",Leave,50%,55%,"£370,000","£34,600",24.20%,29.60%,25.80%
Glasgow Central,"69,230",Glasgow City,Scotland,Alison Thewliss,SNP,Labour,"6,474",Remain,71%,34%,,"£24,500",19.60%,34.60%,24.70%
Nottingham East,"66,262",Nottinghamshire,East Midlands,Nadia Whittome,Labour,Conservatives,"17,393",Remain,57%,40%,"£147,500","£25,600",23.80%,26.00%,24.70%
"Ruislip, Northwood and Pinner","72,816",London (Harrow and Hillingdon),London,David Simmonds,Conservative,Labour,"16,394",Remain,51%,73%,"£599,995","£36,800",18.10%,39.30%,24.60%
Peterborough,"72,560",Cambridgeshire,Eastern,Paul Bristow,Conservative,Labour,"2,580",Leave,62%,58%,"£182,000","£25,700",19.80%,17.70%,24.60%
Reading East,"77,152",Berkshire,South East,Matt Rodda,Labour,Conservatives,"5,924",Remain,62%,59%,"£350,000","£34,500",15.30%,38.40%,24.40%
Coventry North East,"76,006",West Midlands,West Midlands,Colleen Fletcher,Labour,Conservatives,"7,692",Leave,59%,57%,"£172,000","£25,400",32.20%,19.30%,24.40%
Uxbridge and South Ruislip,"70,365",London (Hillingdon),London,Boris Johnson,Conservative,Labour,"7,210",Leave,56%,65%,"£430,000","£36,200",13.20%,27.70%,24.20%
Leicester West,"64,940",Leicestershire,East Midlands,Liz Kendall,Labour,Conservatives,"4,212",Leave,52%,46%,"£170,000","£24,500",23.90%,19.90%,23.10%
Warley,"62,357",West Midlands,West Midlands,John Spellar,Labour,Conservatives,"11,511",Leave,62%,56%,"£165,000","£24,600",14.90%,18.30%,23.00%
Bradford East,"73,206",West Yorkshire,Yorkshire & the Humber,Imran Hussain,Labour,Conservatives,"18,144",Leave,55%,59%,"£115,000","£25,100",23.00%,15.70%,23.00%
Bristol West,"99,253",Bristol (prev. Avon),South West,Thangam Debbonaire,Labour,Greens,"28,219",Remain,79%,40%,"£350,000","£32,700",22.90%,47.20%,22.90%
Coventry South,"70,979",West Midlands,West Midlands,Zarah Sultana,Labour,Conservatives,401,Remain,51%,59%,"£210,000","£30,400",14.00%,26.80%,22.70%
Bedford,"71,581",Bedfordshire,Eastern,Mohammad Yasin,Labour,Conservatives,145,Leave,52%,59%,"£247,250","£28,900",23.90%,25.10%,22.70%
"Sheffield, Brightside and Hillsborough","69,333",South Yorkshire,Yorkshire & the Humber,Gill Furniss,Labour,Conservatives,"12,274",Leave,61%,36%,"£167,500","£28,900",26.60%,32.60%,22.50%
Nottingham South,"79,485",Nottinghamshire,East Midlands,Lilian Greenwood,Labour,Conservatives,"12,568",Remain,54%,47%,"£177,500","£26,400",19.10%,25.30%,22.20%
Watford,"83,359",Hertfordshire,Eastern,Dean Russell,Conservative,Labour,"4,433",Leave,51%,65%,"£400,000","£32,600",34.30%,31.60%,22.10%
Sutton and Cheam,"71,779",London (Sutton),London,Paul Scully,Conservative,Liberal Democracts,"8,351",Leave,51%,71%,"£429,000","£34,200",16.40%,32.90%,22.00%
Newcastle upon Tyne Central,"63,796",Tyne and Wear,North East,Chi Onwurah,Labour,Conservatives,"15,463",Remain,52%,43%,"£150,000","£25,600",25.70%,26.60%,21.60%
Leeds Central,"90,971",West Yorkshire,Yorkshire & the Humber,Hilary Benn,Labour,Conservatives,"19,270",Remain,53%,32%,"£130,000","£25,200",21.50%,21.90%,21.30%
Twickenham,"84,906",London (Richmond upon Thames),London,Munira Wilson,Liberal Democrats,Conservatives,"14,121",Remain,66%,67%,"£615,000","£41,100",12.80%,49.50%,21.10%
"Southampton, Test","70,116",Hampshire,South East,Alan Whitehead,Labour,Labour,"26,195",Leave,51%,46%,"£220,000","£28,400",33.00%,26.90%,21.00%
Eltham,"64,086",London (Greenwich),London,Clive Efford,Labour,Conservatives,"3,197",Leave,52%,59%,"£445,900","£36,200",30.70%,27.80%,20.40%
Crawley,"74,207",West Sussex,South East,Henry Smith,Conservative,Labour,"8,360",Leave,58%,59%,"£300,000","£29,800",10.90%,21.50%,20.30%
Dagenham and Rainham,"71,045",London (Barking and Dagenham and Havering),London,Jon Cruddas,Labour,Conservatives,293,Leave,70%,61%,"£350,000","£29,100",21.00%,17.60%,20.20%
Derby South,"73,062",Derbyshire,East Midlands,Margaret Beckett,Labour,Labour,"17,381",Leave,62%,54%,"£146,000","£29,000",14.50%,19.30%,20.10%
Croydon South,"83,982",London (Croydon),London,Chris Philp,Conservative,Labour,"12,339",Remain,54%,72%,"£460,000","£39,200",9.80%,35.30%,19.80%
Chingford and Woodford Green,"65,393",London (Redbridge and Waltham Forest),London,Iain Duncan Smith,Conservative,Labour,"1,262",Remain,51%,69%,"£470,000","£38,300",17.00%,29.40%,19.80%
"Birmingham, Edgbaston","68,828",West Midlands,West Midlands,Preet Gill,Labour Co-op,Conservatives,"5,614",Remain,53%,51%,"£215,000","£28,300",36.60%,32.40%,19.70%
Wolverhampton South West,"60,534",West Midlands,West Midlands,Stuart Anderson,Conservative,Labour,"1,661",Leave,55%,63%,"£194,000","£29,100",11.30%,28.60%,19.60%
Milton Keynes North,"91,545",Buckinghamshire,South East,Ben Everitt,Conservative,Labour,"6,255",Remain,50%,58%,"£295,000","£32,100",8.70%,29.50%,19.50%
Edinburgh North and Leith,"81,336",City of Edinburgh,Scotland,Deidre Brock,SNP,Labour,"12,808",Remain,78%,52%,,"£32,900",23.10%,49.50%,19.30%
Woking,"75,424",Surrey,South East,Jonathan Lord,Conservative,Liberal Democracts,"9,767",Remain,56%,70%,"£420,000","£35,900",11.40%,38.00%,19.30%
Northampton South,"62,163",Northamptonshire,East Midlands,Andrew Lewer,Conservative,Liberal Democracts,"17,626",Leave,60%,56%,"£199,000","£27,600",22.60%,22.80%,19.30%
Edinburgh East,"69,424",City of Edinburgh,Scotland,Tommy Sheppard,SNP,Labour,"10,417",Remain,72%,51%,,"£25,400",31.40%,35.20%,19.10%
Wycombe,"78,093",Buckinghamshire,South East,Steve Baker,Conservative,Labour,"4,214",Remain,52%,66%,"£360,000","£33,400",11.70%,31.40%,19.00%
Cardiff Central,"64,037",Cardiff,Wales,Jo Stevens,Labour,Conservatives,"17,179",Remain,70%,50%,"£215,000","£28,500",19.50%,33.50%,18.90%
Aberdeen North,"62,489",Aberdeen City,Scotland,Kirsty Blackman,SNP,Conservatives,"12,670",Remain,57%,45%,,"£26,800",37.00%,29.00%,18.90%
Blackburn,"71,234",Lancashire,North West,Kate Hollern,Labour,Conservatives,"18,304",Leave,54%,61%,"£120,000","£24,100",30.30%,18.10%,18.60%
Leeds North East,"70,580",West Yorkshire,Yorkshire & the Humber,Fabian Hamilton,Labour,Conservatives,"17,089",Remain,63%,64%,"£265,000","£32,100",24.90%,40.70%,18.10%
Runnymede and Weybridge,"77,196",Surrey,South East,Ben Spencer,Conservative,Labour,"18,270",Remain,50%,70%,"£450,000","£36,900",12.20%,33.80%,18.10%
Walsall South,"68,024",West Midlands,West Midlands,Valerie Vaz,Labour,Conservatives,"3,456",Leave,62%,58%,"£148,000","£25,600",25.30%,18.30%,18.10%
Oxford West and Abingdon,"76,951",Oxfordshire,South East,Layla Moran,Liberal Democrats,Conservatives,"8,943",Remain,62%,67%,"£385,000","£33,100",13.40%,43.40%,18.00%
Reading West,"74,137",Berkshire,South East,Alok Sharma,Conservative,Labour,"4,117",Leave,53%,64%,"£310,000","£31,300",16.20%,27.70%,17.90%
"Birmingham, Yardley","74,704",West Midlands,West Midlands,Jess Phillips,Labour,Conservatives,"10,659",Leave,60%,59%,"£178,500","£25,800",14.50%,16.00%,17.90%
"Manchester, Withington","76,530",Greater Manchester,North West,Jeff Smith,Labour,Liberal Democracts,"27,905",Remain,74%,47%,"£286,000","£31,000",31.80%,45.10%,17.80%
"Liverpool, Riverside","80,310",Merseyside,North West,Kim Johnson,Labour,Conservatives,"37,043",Remain,73%,30%,"£158,000","£30,400",20.10%,29.70%,17.70%
Carshalton and Wallington,"72,941",London (Sutton),London,Elliot Colburn,Conservative,Liberal Democracts,629,Leave,56%,65%,"£385,000","£34,600",26.40%,27.20%,17.70%
Milton Keynes South,"96,363",Buckinghamshire,South East,Iain Stewart,Conservative,Labour,"6,944",Leave,53%,57%,"£315,000","£31,100",18.20%,27.00%,17.70%
Welwyn Hatfield,"74,892",Hertfordshire,Eastern,Grant Shapps,Conservative,Labour,"10,955",Leave,53%,56%,"£390,000","£32,800",12.20%,29.90%,17.50%
Esher and Walton,"81,184",Surrey,South East,Dominic Raab,Conservative,Liberal Democracts,"2,743",Remain,58%,74%,"£600,000","£40,500",8.20%,42.80%,17.40%
Windsor,"75,038",Berkshire,South East,Adam Afriyie,Conservative,Liberal Democracts,"20,079",Remain,54%,68%,"£490,000","£34,800",7.90%,37.70%,17.30%
West Bromwich East,"62,046",West Midlands,West Midlands,Nicola Richards,Conservative,Labour,"1,593",Leave,68%,58%,"£165,000","£26,500",26.10%,15.30%,17.10%
Guildford,"77,729",Surrey,South East,Angela Richardson,Conservative,Liberal Democracts,"3,337",Remain,59%,67%,"£472,823","£40,500",17.90%,40.60%,17.00%
Hertsmere,"73,971",Hertfordshire,Eastern,Oliver Dowden,Conservative,Labour,"21,313",Leave,51%,68%,"£485,000","£33,900",10.80%,30.80%,17.00%
Aldershot,"72,617",Hampshire,South East,Leo Docherty,Conservative,Labour,"16,698",Leave,58%,65%,"£316,250","£32,800",9.20%,25.00%,16.90%
Glasgow North,"57,130",Glasgow City,Scotland,Patrick Grady,SNP,Labour,"5,601",Remain,78%,44%,,"£29,300",22.40%,40.60%,16.70%
South Swindon,"73,118",Wiltshire,South West,Robert Buckland,Conservative,Labour,"11,199",Leave,52%,62%,"£220,500","£30,300",19.60%,24.70%,16.70%
Huddersfield,"65,525",West Yorkshire,Yorkshire & the Humber,Barry Sheerman,Labour Co-op,Conservatives,"4,937",Leave,51%,58%,"£140,000","£25,600",19.50%,23.70%,16.60%
Portsmouth South,"74,186",Hampshire,South East,Stephen Morgan,Labour,Conservatives,"5,363",Leave,52%,44%,"£211,500","£25,500",20.80%,26.20%,16.40%
Coventry North West,"75,247",West Midlands,West Midlands,Taiwo Owatemi,Labour,Conservatives,208,Leave,59%,66%,"£192,500","£29,800",21.30%,22.90%,16.20%
Preston,"59,672",Lancashire,North West,Mark Hendrick,Labour Co-op,Conservatives,"12,146",Leave,57%,50%,"£107,500","£23,600",30.50%,19.30%,16.20%
Hove,"74,313",East Sussex,South East,Peter Kyle,Labour,Conservatives,"17,044",Remain,66%,57%,"£376,500","£32,400",18.60%,38.40%,16.00%
"Brighton, Pavilion","79,057",East Sussex,South East,Caroline Lucas,Green,Labour,"19,940",Remain,73%,54%,"£400,804","£31,100",14.10%,40.40%,15.90%
Edinburgh South West,"73,501",City of Edinburgh,Scotland,Joanna Cherry,SNP,Conservatives,"11,982",Remain,72%,57%,,"£28,100",28.30%,38.60%,15.90%
Bournemouth East,"74,125",Dorset,South West,Tobias Ellwood,Conservative,Labour,"8,806",Leave,54%,58%,"£295,000","£29,300",23.20%,28.10%,15.90%
Bolton South East,"69,163",Greater Manchester,North West,Yasmin Qureshi,Labour,Conservatives,"7,598",Leave,63%,57%,"£125,000","£24,500",25.00%,16.40%,15.90%
West Suffolk,"80,193",Suffolk,Eastern,Matt Hancock,Conservative,Conservatives,"10,759",Leave,63%,62%,"£240,000","£27,300",13.70%,20.20%,15.80%
Aberdeen South,"65,719",Aberdeen City,Scotland,Stephen Flynn,SNP,Conservatives,"3,990",Remain,68%,62%,,"£42,700",9.20%,40.30%,15.70%
Rochdale,"78,909",Greater Manchester,North West,Tony Lloyd,Labour,Conservatives,"9,668",Leave,58%,59%,"£137,000","£25,400",25.00%,19.00%,15.60%
Wolverhampton South East,"62,883",West Midlands,West Midlands,Pat McFadden,Labour,Conservatives,"1,235",Leave,68%,54%,"£145,500","£23,600",7.40%,13.90%,15.50%
Maidenhead,"76,668",Berkshire,South East,Theresa May,Conservative,Liberal Democracts,"18,846",Remain,55%,73%,"£485,000","£40,600",9.90%,39.50%,15.40%
Edinburgh South,"66,188",City of Edinburgh,Scotland,Ian Murray,Labour,SNP,"11,095",Remain,78%,66%,,"£37,400",38.20%,46.90%,15.30%
Bromley and Chislehurst,"66,697",London (Bromley),London,Bob Neill,Conservative,Labour,"10,891",Remain,50%,68%,"£464,000","£39,800",15.10%,33.10%,15.20%
Northampton North,"58,768",Northamptonshire,East Midlands,Michael Ellis,Conservative,Labour,"19,922",Leave,61%,66%,"£211,000","£28,100",12.90%,21.50%,15.20%
Oldham West and Royton,"72,999",Greater Manchester,North West,Jim McMahon,Labour Co-op,Conservatives,"11,127",Leave,62%,63%,"£138,000","£25,100",27.50%,16.40%,15.20%
St Albans,"73,727",Hertfordshire,Eastern,Daisy Cooper,Liberal Democrats,Labour,"14,377",Remain,63%,70%,"£515,000","£39,700",16.60%,44.50%,15.00%
"Birmingham, Erdington","66,148",West Midlands,West Midlands,Jack Dromey,Labour,Conservatives,"3,601",Leave,63%,51%,"£158,000","£24,200",17.80%,16.80%,15.00%
Thurrock,"79,659",Essex,Eastern,Jackie Doyle-Price,Conservative,Labour,"11,482",Leave,70%,62%,"£295,000","£31,400",14.90%,18.10%,14.70%
"Sheffield, Hallam","72,763",South Yorkshire,Yorkshire & the Humber,Olivia Blake,Labour,Liberal Democracts,712,Remain,64%,50%,"£125,000","£24,800",31.60%,15.50%,14.70%
Epsom and Ewell,"81,138",Surrey,South East,Chris Grayling,Conservative,Liberal Democracts,"17,873",Remain,52%,79%,"£525,000","£36,800",17.20%,36.40%,14.50%
Leeds East,"67,286",West Yorkshire,Yorkshire & the Humber,Richard Burgon,Labour,Conservatives,"5,531",Leave,61%,52%,"£175,000","£25,700",26.30%,16.20%,14.40%
"Birmingham, Selly Oak","82,665",West Midlands,West Midlands,Steve McCabe,Labour,Conservatives,"12,414",Remain,53%,57%,"£215,000","£30,100",24.50%,26.90%,14.30%
Spelthorne,"70,929",Surrey,South East,Kwasi Kwarteng,Conservative,Labour,"18,393",Leave,60%,73%,"£417,500","£33,500",13.70%,25.90%,14.10%
Gravesham,"73,242",Kent,South East,Adam Holloway,Conservative,Labour,"15,581",Leave,65%,65%,"£310,000","£30,300",22.20%,20.00%,14.10%
Bath,"67,805",Somerset (prev. Avon),South West,Wera Hobhouse,Liberal Democrats,Conservatives,"12,322",Remain,68%,57%,"£379,975","£32,800",20.40%,38.00%,13.80%
Salford and Eccles,"82,202",Greater Manchester,North West,Rebecca Long-Bailey,Labour,Conservatives,"16,327",Leave,54%,45%,"£178,226","£26,600",23.80%,24.70%,13.80%
Norwich South,"77,845",Norfolk,Eastern,Clive Lewis,Labour,Conservatives,"12,760",Remain,60%,45%,"£222,500","£27,500",18.00%,30.70%,13.50%
Beaconsfield,"77,720",Buckinghamshire,South East,Joy Morrissey,Conservative,Independent,"15,712",Remain,51%,74%,"£560,000","£37,900",7.10%,37.00%,13.40%
Bristol North West,"76,273",Bristol (prev. Avon),South West,Darren Jones,Labour,Conservatives,"5,692",Remain,58%,61%,"£315,000","£29,100",27.10%,32.40%,13.40%
Canterbury,"80,203",Kent,South East,Rosie Duffield,Labour,Conservatives,"1,836",Remain,55%,63%,"£330,000","£31,800",17.90%,29.70%,13.30%
Colchester,"82,625",Essex,Eastern,Will Quince,Conservative,Labour,"9,423",Leave,51%,59%,"£250,000","£30,000",25.20%,26.90%,13.30%
Beckenham,"68,662",London (Bromley),London,Bob Stewart,Conservative,Labour,"14,258",Remain,52%,77%,"£515,000","£41,200",12.90%,35.50%,13.20%
Cardiff South and Penarth,"78,837",Cardiff,Wales,Stephen Doughty,Labour Co-op,Conservatives,"12,737",Remain,55%,56%,"£198,000","£28,100",25.10%,29.40%,13.20%
"Brighton, Kemptown","69,833",East Sussex,South East,Lloyd Russell-Moyle,Labour Co-op,Conservatives,"8,061",Remain,58%,54%,"£345,000","£31,500",29.10%,27.00%,13.20%
Stretford and Urmston,"72,372",Greater Manchester,North West,Kate Green,Labour,Conservatives,"16,417",Remain,52%,64%,"£243,000","£30,400",12.00%,25.50%,13.20%
Aylesbury,"86,665",Buckinghamshire,South East,Rob Butler,Conservative,Labour,"17,373",Leave,52%,70%,"£320,000","£30,700",25.80%,30.00%,13.00%
Basingstoke,"82,928",Hampshire,South East,Maria Miller,Conservative,Labour,"14,198",Leave,54%,64%,"£287,500","£34,000",14.90%,28.00%,13.00%
Bournemouth West,"74,205",Dorset,South West,Conor Burns,Conservative,Labour,"10,150",Leave,58%,57%,"£260,000","£26,700",12.70%,23.40%,13.00%
Romsey and Southampton North,"68,228",Hampshire,South East,Caroline Nokes,Conservative,Liberal Democracts,"10,872",Remain,54%,68%,"£350,000","£32,500",14.70%,34.10%,12.90%
"Liverpool, Wavertree","63,458",Merseyside,North West,Paula Barker,Labour,Conservatives,"27,085",Remain,64%,53%,"£150,000","£29,200",33.30%,26.60%,12.90%
Ipswich,"75,525",Suffolk,Eastern,Tom Hunt,Conservative,Labour,"5,479",Leave,57%,55%,"£200,000","£26,700",26.70%,21.80%,12.90%
Warwick and Leamington,"76,362",Warwickshire,West Midlands,Matt Western,Labour,Conservatives,789,Remain,59%,62%,"£298,000","£31,900",19.50%,36.90%,12.70%
Bristol East,"73,867",Bristol (prev. Avon),South West,Kerry McCarthy,Labour,Conservatives,"10,794",Remain,53%,63%,"£260,000","£30,100",19.70%,23.10%,12.70%
Bracknell,"78,978",Berkshire,South East,James Sunderland,Conservative,Labour,"19,829",Leave,53%,69%,"£345,000","£37,400",13.60%,30.50%,12.60%
Wokingham,"83,953",Berkshire,South East,John Redwood,Conservative,Liberal Democracts,"7,383",Remain,58%,76%,"£416,000","£35,600",12.70%,40.60%,12.50%
Reigate,"74,242",Surrey,South East,Crispin Blunt,Conservative,Labour,"18,310",Remain,52%,72%,"£448,250","£38,300",19.90%,36.10%,12.50%
Surrey Heath,"81,349",Surrey,South East,Michael Gove,Conservative,Liberal Democracts,"18,349",Leave,52%,77%,"£420,000","£36,900",17.40%,33.30%,12.50%
Belfast South,"69,984",Belfast; Lisburn and Castlereagh,Northern Ireland,Claire Hanna,SDLP,DUP,"15,401",Remain,70%,56%,,"£29,600",,39.00%,12.40%
Fermanagh and South Tyrone,"72,848","Armagh City, Banbridge and Craigavon; Fermanagh and Omagh; Mid Ulster",Northern Ireland,Michelle Gildernew,Sinn Féin,UUP,57,Remain,59%,71%,,"£23,200",,21.20%,12.30%
Wolverhampton North East,"61,660",West Midlands,West Midlands,Jane Stevenson,Conservative,Labour,"4,080",Leave,68%,54%,"£155,000","£25,000",44.80%,15.00%,12.30%
South West Hertfordshire,"80,499",Hertfordshire,Eastern,Gagan Mohindra,Conservative,Labour,"6,625",Remain,54%,73%,"£520,000","£36,400",10.00%,38.20%,12.20%
Newcastle upon Tyne East,"68,486",Tyne and Wear,North East,Nick Brown,Labour,Conservatives,"5,765",Remain,59%,41%,"£158,000","£29,000",36.40%,28.10%,12.20%
Loughborough,"79,764",Leicestershire,East Midlands,Jane Hunt,Conservative,Labour,"7,169",Remain,50%,67%,"£215,000","£31,000",11.80%,27.60%,12.10%
"Southampton, Itchen","72,299",Hampshire,South East,Royston Smith,Conservative,Independent,"14,408",Leave,60%,53%,"£222,500","£28,400",13.50%,20.70%,12.10%
Swansea West,"57,078",Swansea,Wales,Geraint Davies,Labour Co-op,Conservatives,"8,116",Remain,57%,54%,"£165,000","£30,000",30.20%,27.90%,12.00%
Wythenshawe and Sale East,"76,313",Greater Manchester,North West,Mike Kane,Labour,Conservatives,"10,396",Remain,50%,51%,"£218,000","£27,100",17.50%,24.80%,12.00%
Bexleyheath and Crayford,"65,466",London (Bexley),London,David Evennett,Conservative,Labour,"13,103",Leave,65%,73%,"£370,000","£35,000",16.90%,20.30%,12.00%
South Cambridgeshire,"87,288",Cambridgeshire,Eastern,Anthony Browne,Conservative,Conservatives,"6,213",Remain,62%,71%,"£391,975","£38,800",26.80%,41.80%,11.90%
West Bromwich West,"64,517",West Midlands,West Midlands,Shaun Bailey,Conservative,Labour,"3,799",Leave,69%,55%,"£150,000","£26,600",11.80%,13.10%,11.90%
York Central,"74,899",North Yorkshire,Yorkshire & the Humber,Rachael Maskell,Labour,Conservatives,"13,545",Remain,62%,53%,"£230,250","£27,000",26.50%,32.70%,11.80%
Rugby,"72,292",Warwickshire,West Midlands,Mark Pawsey,Conservative,Labour,"13,447",Leave,58%,69%,"£237,000","£32,000",12.60%,26.70%,11.80%
Broxbourne,"73,182",Hertfordshire,Eastern,Charles Walker,Conservative,Labour,"19,807",Leave,66%,74%,"£385,000","£34,700",9.90%,19.90%,11.70%
Stoke-on-Trent Central,"55,419",Staffordshire,West Midlands,Jo Gideon,Conservative,Labour,670,Leave,65%,53%,"£111,500","£26,700",31.20%,17.10%,11.60%
Cheltenham,"81,044",Gloucestershire,South West,Alex Chalk,Conservative,Liberal Democracts,981,Remain,57%,63%,"£285,000","£32,900",23.60%,36.70%,11.50%
Exeter,"82,054",Devon,South West,Ben Bradshaw,Labour,Conservatives,"10,403",Remain,55%,58%,"£247,250","£28,100",26.60%,27.90%,11.50%
Hemel Hempstead,"74,035",Hertfordshire,Eastern,Mike Penning,Conservative,Labour,"14,563",Leave,55%,60%,"£370,000","£31,700",15.50%,26.10%,11.50%
Eastbourne,"79,307",East Sussex,South East,Caroline Ansell,Conservative,Labour,"7,474",Leave,58%,64%,"£260,000","£28,500",24.40%,24.40%,11.50%
Doncaster Central,"71,389",South Yorkshire,Yorkshire & the Humber,Rosie Winterton,Labour,Conservatives,"2,370",Leave,66%,62%,"£140,000","£27,100",30.30%,18.50%,11.40%
Stevenage,"71,562",Hertfordshire,Eastern,Stephen McPartland,Conservative,Liberal Democracts,"4,280",Leave,57%,60%,"£292,000","£31,800",22.20%,23.90%,11.30%
Romford,"72,350",London (Havering),London,Andrew Rosindell,Conservative,Labour,"17,893",Leave,69%,73%,"£380,000","£36,800",28.80%,20.60%,11.30%
Boston and Skegness,"69,381",Lincolnshire,East Midlands,Matt Warman,Conservative,Labour,"25,621",Leave,75%,64%,"£167,500","£23,300",18.70%,14.40%,11.30%
South East Cambridgeshire,"86,769",Cambridgeshire,Eastern,Lucy Frazer,Conservative,Labour,"19,335",Remain,55%,68%,"£340,000","£34,000",9.10%,34.30%,11.20%
Banbury,"90,116",Oxfordshire,South East,Victoria Prentis,Conservative,Labour,"16,813",Leave,51%,68%,"£300,000","£31,400",15.90%,27.30%,11.20%
Bolton North East,"67,564",Greater Manchester,North West,Mark Logan,Conservative,Labour,378,Leave,58%,61%,"£145,000","£24,700",22.50%,21.70%,11.20%
Bradford South,"69,046",West Yorkshire,Yorkshire & the Humber,Judith Cummins,Labour,Conservatives,"2,346",Leave,64%,63%,"£119,000","£25,500",13.90%,16.10%,11.20%
Nottingham North,"66,495",Nottinghamshire,East Midlands,Alex Norris,Labour Co-op,Conservatives,"4,490",Leave,64%,49%,"£135,000","£23,500",20.90%,13.30%,11.20%
Chesham and Amersham,"72,542",Buckinghamshire,South East,Sarah Green,Liberal Democrats,Liberal Democracts,"16,223",Remain,55%,77%,"£551,000","£37,300",14.20%,41.00%,11.10%
Huntingdon,"84,657",Cambridgeshire,Eastern,Jonathan Djanogly,Conservative,Labour,"19,383",Leave,53%,70%,"£290,000","£31,700",24.30%,28.50%,11.10%
Harborough,"80,151",Leicestershire,East Midlands,Neil O'Brien,Conservative,Labour,"17,278",Leave,52%,79%,"£260,000","£31,400",15.90%,27.70%,11.10%
Halifax,"71,887",West Yorkshire,Yorkshire & the Humber,Holly Lynch,Labour,Conservatives,"2,569",Leave,59%,63%,"£130,000","£26,100",36.40%,19.80%,11.10%
Maidstone and The Weald,"76,109",Kent,South East,Helen Grant,Conservative,Labour,"21,772",Leave,56%,69%,"£302,500","£30,600",28.20%,27.20%,11.00%
Glasgow North East,"61,075",Glasgow City,Scotland,Anne McLaughlin,SNP,Labour,"2,548",Remain,59%,37%,,"£21,200",20.40%,16.70%,11.00%
Dartford,"82,209",Kent,South East,Gareth Johnson,Conservative,Labour,"19,160",Leave,64%,68%,"£325,000","£34,400",14.80%,22.30%,10.90%
Pendle,"65,292",Lancashire,North West,Andrew Stephenson,Conservative,Labour,"6,186",Leave,63%,68%,"£116,750","£26,500",13.50%,20.20%,10.90%
Harlow,"68,078",Essex,Eastern,Robert Halfon,Conservative,Labour,"14,063",Leave,68%,59%,"£300,000","£27,900",20.20%,18.40%,10.90%
South West Surrey,"79,096",Surrey,South East,Jeremy Hunt,Conservative,Labour,"18,583",Remain,59%,73%,"£495,000","£38,600",10.20%,40.70%,10.80%
Derby North,"73,199",Derbyshire,East Midlands,Amanda Solloway,Conservative,Labour,"2,540",Leave,54%,60%,"£173,000","£30,300",35.90%,26.90%,10.80%
"Plymouth, Sutton and Devonport","77,852",Devon,South West,Luke Pollard,Labour Co-op,Conservatives,"4,757",Leave,54%,47%,"£173,000","£25,500",14.90%,24.60%,10.80%
Gloucester,"81,319",Gloucestershire,South West,Richard Graham,Conservative,Labour,"10,277",Leave,59%,65%,"£210,000","£26,700",27.50%,21.80%,10.80%
Kingston upon Hull North,"65,515",East Riding of Yorkshire (prev. Humberside),Yorkshire & the Humber,Diana Johnson,Labour,Conservatives,"7,593",Leave,60%,48%,"£128,000","£25,100",22.80%,18.90%,10.80%
Hitchin and Harpenden,"76,323",Hertfordshire,Eastern,Bim Afolami,Conservative,Liberal Democracts,"6,895",Remain,60%,72%,"£484,000","£40,900",9.00%,43.10%,10.70%
North West Cambridgeshire,"94,909",Cambridgeshire,Eastern,Shailesh Vara,Conservative,Conservatives,"9,561",Leave,57%,68%,"£236,000","£29,100",11.10%,25.50%,10.60%
Wellingborough,"80,765",Northamptonshire,East Midlands,Peter Bone,Conservative,Labour,"18,540",Leave,63%,68%,"£210,000","£27,100",11.30%,19.70%,10.60%
Middlesbrough,"60,764",North Yorkshire (prev. Cleveland),North East,Andy McDonald,Labour,Liberal Democracts,"18,197",Leave,66%,53%,"£101,000","£24,000",34.60%,16.90%,10.60%
Dundee West,"64,431",Angus and Dundee City,Scotland,Chris Law,SNP,Labour,"12,259",Remain,59%,47%,,"£22,900",36.70%,25.30%,10.50%
Epping Forest,"74,304",Essex,Eastern,Eleanor Laing,Conservative,Labour,"22,173",Leave,61%,71%,"£480,000","£36,800",16.20%,26.30%,10.40%
Rochford and Southend East,"75,624",Essex,Eastern,James Duddridge,Conservative,Labour,"12,286",Leave,60%,58%,"£278,000","£31,400",22.60%,19.50%,10.40%
North East Fife,"60,905",Fife,Scotland,Wendy Chamberlain,Liberal Democrats,SNP,"1,316",Remain,62%,66%,,"£28,400",14.90%,33.90%,10.30%
Filton and Bradley Stoke,"74,016",Gloucestershire (prev. Avon),South West,Jack Lopresti,Conservative,Labour,"5,646",Remain,52%,71%,"£300,000","£32,800",22.30%,29.60%,10.30%
Kingston upon Hull West and Hessle,"60,192",East Riding of Yorkshire (prev. Humberside),Yorkshire & the Humber,Emma Hardy,Labour,Conservatives,"2,856",Leave,68%,49%,"£125,000","£25,600",24.40%,16.10%,10.30%
Mid Sussex,"85,146",West Sussex,South East,Mims Davies,Conservative,Liberal Democracts,"14,898",Remain,53%,74%,"£370,000","£33,000",17.30%,33.50%,10.20%
Cardiff West,"68,508",Cardiff,Wales,Kevin Brennan,Labour,Conservatives,"10,986",Remain,55%,61%,"£230,000","£28,700",29.80%,31.60%,10.20%
Gillingham and Rainham,"73,549",Kent,South East,Rehman Chishti,Conservative,Labour,"15,119",Leave,64%,70%,"£255,000","£30,000",31.00%,19.10%,10.20%
Winchester,"75,582",Hampshire,South East,Steve Brine,Conservative,Liberal Democracts,985,Remain,60%,69%,"£450,000","£35,700",26.30%,41.00%,10.10%
Mole Valley,"74,665",Surrey,South East,Paul Beresford,Conservative,Liberal Democracts,"12,041",Remain,53%,74%,"£577,500","£35,100",10.10%,38.50%,10.10%
Tunbridge Wells,"74,823",Kent,South East,Greg Clark,Conservative,Liberal Democracts,"14,645",Remain,55%,66%,"£410,000","£35,300",14.10%,34.90%,10.10%
Corby,"86,153",Northamptonshire,East Midlands,Tom Pursglove,Conservative,Labour,"10,268",Leave,60%,66%,"£224,998","£27,700",11.60%,20.70%,10.10%
Orpington,"68,877",London (Bromley),London,Gareth Bacon,Conservative,Labour,"22,378",Leave,58%,80%,"£455,000","£39,500",18.50%,28.40%,10.00%
Oldham East and Saddleworth,"72,120",Greater Manchester,North West,Debbie Abrahams,Labour,Conservatives,"1,499",Leave,60%,66%,"£155,000","£27,000",19.50%,21.60%,10.00%
Glasgow North West,"63,402",Glasgow City,Scotland,Carol Monaghan,SNP,Labour,"8,359",Remain,69%,48%,,"£26,500",32.80%,29.20%,9.90%
Old Bexley and Sidcup,"66,104",London (Bexley),London,James Brokenshire,Conservative,Labour,"18,952",Leave,63%,80%,"£407,000","£39,200",21.80%,22.60%,9.90%
Dewsbury,"81,253",West Yorkshire,Yorkshire & the Humber,Mark Eastwood,Conservative,Labour,"1,561",Leave,57%,69%,"£180,750","£27,800",16.60%,22.60%,9.90%
Leeds West,"67,727",West Yorkshire,Yorkshire & the Humber,Rachel Reeves,Labour,Conservatives,"10,564",Leave,55%,51%,"£153,750","£26,800",23.70%,22.00%,9.80%
Bognor Regis and Littlehampton,"77,446",West Sussex,South East,Nick Gibb,Conservative,Labour,"22,503",Leave,64%,70%,"£270,000","£24,100",16.50%,20.10%,9.80%
Batley and Spen,"79,558",West Yorkshire,Yorkshire & the Humber,Kim Leadbeater,Labour Co-op,Conservatives,"3,525",Leave,60%,67%,"£148,000","£27,900",17.90%,19.20%,9.80%
South West Norfolk,"78,455",Norfolk,Eastern,Liz Truss,Conservative,Labour,"10,587",Leave,66%,68%,"£225,000","£27,200",12.10%,17.70%,9.70%
Harrogate and Knaresborough,"77,941",North Yorkshire,Yorkshire & the Humber,Andrew Jones,Conservative,Liberal Democracts,"9,675",Remain,53%,71%,"£287,000","£32,700",18.90%,34.70%,9.60%
Keighley,"72,778",West Yorkshire,Yorkshire & the Humber,Robbie Moore,Conservative,Labour,"2,218",Leave,53%,73%,"£173,225","£28,300",23.90%,26.70%,9.60%
Newry and Armagh,"81,226","Armagh City, Banbridge and Craigavon; Newry, Mourne and Down",Northern Ireland,Mickey Brady,Sinn Féin,DUP,"9,287",Remain,63%,70%,,"£23,000",,21.30%,9.60%
Chatham and Aylesford,"71,642",Kent,South East,Tracey Crouch,Conservative,Labour,"18,540",Leave,65%,66%,"£265,000","£31,100",14.60%,18.10%,9.60%
Rotherham,"61,688",South Yorkshire,Yorkshire & the Humber,Sarah Champion,Labour,Labour,"6,318",Leave,68%,56%,"£120,000","£24,800",30.70%,14.30%,9.60%
Altrincham and Sale West,"73,107",Greater Manchester,North West,Graham Brady,Conservative,Labour,"6,139",Remain,62%,74%,"£377,000","£42,000",7.30%,40.30%,9.50%
Glasgow South,"70,891",Glasgow City,Scotland,Stewart McDonald,SNP,Labour,"9,005",Remain,72%,58%,,"£27,100",32.70%,31.40%,9.50%
Ashford,"89,553",Kent,South East,Damian Green,Conservative,Labour,"24,029",Leave,60%,68%,"£305,000","£30,500",19.10%,24.30%,9.50%
East Surrey,"83,148",Surrey,South East,Claire Coutinho,Conservative,Liberal Democracts,"19,696",Leave,54%,75%,"£427,250","£36,100",11.10%,31.40%,9.40%
Solihull,"78,760",West Midlands,West Midlands,Julian Knight,Conservative,Labour,"21,273",Leave,53%,80%,"£287,500","£37,800",17.90%,31.10%,9.40%
Scunthorpe,"61,955",Lincolnshire (prev. Humberside),Yorkshire & the Humber,Holly Mumby-Croft,Conservative,Labour,"6,451",Leave,69%,65%,"£132,500","£25,400",21.70%,16.90%,9.40%
Lincoln,"74,942",Lincolnshire,East Midlands,Karl McCartney,Conservative,Labour,"3,514",Leave,57%,57%,"£165,000","£26,600",25.30%,21.90%,9.30%
North Swindon,"82,441",Wiltshire,South West,Justin Tomlinson,Conservative,Labour,"22,949",Leave,57%,69%,"£235,000","£30,300",14.20%,20.80%,9.30%
Rochester and Strood,"82,056",Kent,South East,Kelly Tolhurst,Conservative,Labour,"17,072",Leave,64%,68%,"£275,000","£32,500",20.30%,20.50%,9.30%
Ashton-under-Lyne,"67,978",Greater Manchester,North West,Angela Rayner,Labour,Conservatives,"4,263",Leave,62%,62%,"£152,675","£24,300",29.30%,15.40%,9.30%
Burton,"75,036",Staffordshire,West Midlands,Kate Griffiths,Conservative,Labour,"14,496",Leave,65%,68%,"£187,250","£27,100",16.40%,22.00%,9.20%
Henley,"76,646",Oxfordshire,South East,John Howell,Conservative,Liberal Democracts,"14,053",Remain,57%,74%,"£499,950","£38,900",11.30%,38.70%,9.10%
Newbury,"83,414",Berkshire,South East,Laura Farris,Conservative,Conservatives,"12,278",Remain,53%,67%,"£350,000","£34,900",17.40%,32.50%,9.10%
Chelmsford,"80,394",Essex,Eastern,Vicky Ford,Conservative,Liberal Democracts,"17,621",Leave,51%,70%,"£344,375","£32,000",30.20%,29.60%,9.10%
North East Hampshire,"78,954",Hampshire,South East,Ranil Jayawardena,Conservative,Labour,"29,993",Remain,54%,77%,"£435,000","£37,400",9.80%,38.90%,9.00%
Edinburgh West,"72,507",City of Edinburgh,Scotland,Christine Jardine,Liberal Democrats,SNP,"3,769",Remain,71%,73%,,"£34,800",29.80%,36.20%,9.00%
Devizes,"73,372",Wiltshire,South West,Danny Kruger,Conservative,Liberal Democracts,"23,993",Leave,51%,60%,"£308,750","£28,600",21.20%,28.50%,9.00%
Bury South,"75,152",Greater Manchester,North West,Christian Wakeford,Conservative,Labour,402,Leave,55%,69%,"£200,000","£30,200",25.50%,25.30%,9.00%
South West Bedfordshire,"79,926",Bedfordshire,Eastern,Andrew Selous,Conservative,Labour,"28,250",Leave,59%,71%,"£290,000","£31,400",12.20%,24.40%,9.00%
Folkestone and Hythe,"88,272",Kent,South East,Damian Collins,Conservative,Labour,"21,337",Leave,62%,65%,"£285,000","£28,600",20.60%,22.20%,9.00%
South Thanet,"73,223",Kent,South East,Craig Mackinlay,Conservative,Conservatives,"9,585",Leave,62%,63%,"£263,500","£27,500",17.60%,21.90%,9.00%
Hornchurch and Upminster,"80,765",London (Havering),London,Julia Lopez,Conservative,Labour,"23,308",Leave,69%,74%,"£410,000","£34,600",19.30%,20.00%,9.00%
East Hampshire,"76,478",Hampshire,South East,Damian Hinds,Conservative,Conservatives,"33,176",Remain,51%,72%,"£385,000","£34,200",11.20%,34.10%,8.90%
South Holland and The Deepings,"75,975",Lincolnshire,East Midlands,John Hayes,Conservative,Liberal Democracts,"11,490",Leave,71%,73%,"£202,000","£27,700",9.50%,17.10%,8.90%
Wantage,"90,867",Oxfordshire,South East,David Johnston,Conservative,Liberal Democracts,"12,653",Remain,54%,69%,"£335,000","£36,300",13.70%,34.90%,8.80%
Hertford and Stortford,"81,765",Hertfordshire,Eastern,Julie Marson,Conservative,Labour,"19,620",Remain,51%,71%,"£410,000","£35,600",12.60%,33.90%,8.80%
Horsham,"86,730",West Sussex,South East,Jeremy Quin,Conservative,Liberal Democracts,"21,127",Remain,51%,74%,"£400,000","£35,700",12.30%,32.20%,8.80%
Poole,"73,989",Dorset,South West,Robert Syms,Conservative,Labour,"19,116",Leave,57%,68%,"£300,000","£29,000",17.50%,26.30%,8.80%
Wrexham,"49,737",Wrexham,Wales,Sarah Atherton,Conservative,Labour,"2,131",Leave,57%,63%,"£168,000","£30,300",31.10%,23.80%,8.70%
Wakefield,"70,192",West Yorkshire,Yorkshire & the Humber,Imran Ahmad-Khan,Conservative,Labour,"3,358",Leave,63%,59%,"£165,000","£26,600",29.50%,20.50%,8.70%
Glasgow South West,"64,575",Glasgow City,Scotland,Chris Stephens,SNP,Labour,"4,900",Remain,59%,49%,,"£21,500",28.70%,16.20%,8.70%
Cardiff North,"68,438",Cardiff,Wales,Anna McMorrin,Labour,Conservatives,"6,982",Remain,61%,75%,"£270,000","£32,000",39.60%,37.40%,8.60%
Leeds North West,"67,741",West Yorkshire,Yorkshire & the Humber,Alex Sobel,Labour Co-op,Conservatives,"10,749",Remain,65%,60%,"£262,000","£32,200",14.20%,33.30%,8.60%
Sevenoaks,"71,757",Kent,South East,Laura Trott,Conservative,Liberal Democracts,"20,818",Leave,54%,73%,"£417,000","£33,900",11.10%,32.50%,8.60%
Sheffield Central,"89,849",South Yorkshire,Yorkshire & the Humber,Paul Blomfield,Labour,Conservatives,"27,273",Remain,70%,65%,"£145,000","£26,600",8.10%,16.10%,8.60%
Cheadle,"74,577",Greater Manchester,North West,Mary Robinson,Conservative,Liberal Democracts,"2,336",Remain,57%,84%,"£323,200","£34,000",20.90%,36.70%,8.50%
Newport West,"66,657",Newport,Wales,Ruth Jones,Labour,Conservatives,902,Leave,53%,65%,"£200,000","£29,300",36.80%,26.50%,8.50%
Worthing West,"78,585",West Sussex,South East,Peter Bottomley,Conservative,Labour,"14,823",Leave,56%,72%,"£312,000","£29,200",29.50%,25.50%,8.50%
Kettering,"73,164",Northamptonshire,East Midlands,Philip Hollobone,Conservative,Labour,"16,765",Leave,61%,69%,"£211,000","£28,500",21.60%,23.30%,8.50%
"Birmingham, Northfield","73,694",West Midlands,West Midlands,Gary Sambrook,Conservative,Labour,"1,640",Leave,62%,57%,"£173,000","£27,600",28.60%,19.60%,8.50%
North East Cambridgeshire,"83,699",Cambridgeshire,Eastern,Stephen Barclay,Conservative,Conservatives,"4,742",Leave,69%,70%,"£210,000","£26,800",14.90%,15.90%,8.50%
Broxtowe,"73,052",Nottinghamshire,East Midlands,Darren Henry,Conservative,Labour,"5,331",Leave,52%,73%,"£210,000","£32,700",16.60%,30.30%,8.40%
Bury North,"68,802",Greater Manchester,North West,James Daly,Conservative,Labour,105,Leave,54%,71%,"£175,000","£29,300",23.40%,26.10%,8.40%
Salisbury,"74,556",Wiltshire,South West,John Glen,Conservative,Liberal Democracts,"19,736",Leave,50%,65%,"£300,000","£29,200",26.00%,32.20%,8.30%
South West Wiltshire,"77,969",Wiltshire,South West,Andrew Murrison,Conservative,Labour,"21,430",Leave,58%,68%,"£250,000","£27,800",15.60%,25.10%,8.30%
Bristol South,"84,079",Bristol (prev. Avon),South West,Karin Smyth,Labour,Conservatives,"9,859",Remain,53%,57%,"£280,000","£30,100",18.40%,24.30%,8.30%
North West Norfolk,"72,080",Norfolk,Eastern,James Wild,Conservative,Liberal Democracts,"26,308",Leave,66%,68%,"£235,000","£26,900",25.60%,19.50%,8.30%
Chichester,"85,499",West Sussex,South East,Gillian Keegan,Conservative,Liberal Democracts,"21,490",Leave,51%,67%,"£388,000","£30,900",20.80%,32.40%,8.20%
North East Hertfordshire,"76,123",Hertfordshire,Eastern,Oliver Heald,Conservative,Labour,"12,876",Leave,51%,67%,"£382,000","£37,400",10.10%,31.20%,8.20%
Worcester,"73,485",Worcestershire,West Midlands,Robin Walker,Conservative,Labour,"6,758",Leave,54%,64%,"£214,000","£28,100",27.40%,27.70%,8.20%
Lancaster and Fleetwood,"70,059",Lancashire,North West,Cat Smith,Labour,Conservatives,"2,380",Leave,51%,66%,"£152,500","£30,100",26.70%,26.50%,8.20%
Southend West,"69,043",Essex,Eastern,David Amess,Conservative,Liberal Democracts,"8,817",Leave,55%,73%,"£335,000","£32,300",38.00%,23.70%,8.20%
Hastings and Rye,"80,524",East Sussex,South East,Sally-Ann Hart,Conservative,Labour,"4,043",Leave,56%,59%,"£260,000","£26,000",23.60%,21.80%,8.20%
Witney,"83,845",Oxfordshire,South East,Robert Courts,Conservative,Liberal Democracts,"15,177",Remain,54%,70%,"£353,000","£33,400",12.20%,32.90%,8.10%
North West Hampshire,"83,083",Hampshire,South East,Kit Malthouse,Conservative,Labour,"25,983",Leave,55%,69%,"£303,000","£34,600",16.00%,28.30%,8.10%
Mid Bedfordshire,"87,795",Bedfordshire,Eastern,Nadine Dorries,Conservative,Labour,"24,664",Leave,52%,74%,"£337,995","£34,200",13.90%,31.00%,7.90%
Stockport,"65,391",Greater Manchester,North West,Nav Mishra,Labour,Conservatives,"10,039",Remain,53%,61%,"£200,000","£30,500",15.40%,27.30%,7.90%
Charnwood,"79,534",Leicestershire,East Midlands,Edward Argar,Conservative,Labour,"22,397",Leave,58%,82%,"£245,000","£28,200",22.20%,26.30%,7.70%
The Wrekin,"70,693",Shropshire,West Midlands,Mark Pritchard,Conservative,Labour,"18,726",Leave,58%,67%,"£214,973","£31,000",25.20%,24.70%,7.70%
Redditch,"65,391",Worcestershire,West Midlands,Rachel Maclean,Conservative,Labour,"16,036",Leave,61%,67%,"£225,000","£25,700",15.80%,21.70%,7.70%
Burnley,"64,345",Lancashire,North West,Antony Higginbotham,Conservative,Labour,"1,352",Leave,67%,65%,"£99,225","£26,100",22.90%,18.70%,7.70%
Colne Valley,"84,174",West Yorkshire,Yorkshire & the Humber,Jason McCartney,Conservative,Labour,"5,103",Remain,50%,73%,"£180,000","£30,000",29.00%,29.80%,7.60%
Brentwood and Ongar,"75,255",Essex,Eastern,Alex Burghart,Conservative,Labour,"29,065",Leave,61%,75%,"£469,000","£39,600",12.90%,28.70%,7.60%
Perth and North Perthshire,"72,600",Perth and Kinross,Scotland,Pete Wishart,SNP,Conservatives,"7,550",Remain,60%,62%,,"£25,200",26.10%,28.70%,7.60%
Portsmouth North,"71,299",Hampshire,South East,Penny Mordaunt,Conservative,Labour,"15,780",Leave,64%,68%,"£235,000","£28,600",23.80%,20.70%,7.60%
City of Chester,"76,057",Cheshire,North West,Chris Matheson,Labour,Conservatives,"6,164",Remain,57%,64%,"£235,500","£31,000",20.90%,33.80%,7.50%
South Northamptonshire,"90,842",Northamptonshire,East Midlands,Andrea Leadsom,Conservative,Labour,"30,838",Leave,53%,76%,"£296,375","£32,000",14.20%,31.80%,7.50%
Tonbridge and Malling,"79,278",Kent,South East,Tom Tugendhat,Conservative,Liberal Democracts,"26,941",Leave,53%,70%,"£405,000","£36,300",13.30%,30.40%,7.50%
Hereford and South Herefordshire,"72,085",Herefordshire,West Midlands,Jesse Norman,Conservative,Labour,"19,686",Leave,60%,66%,"£225,000","£27,100",19.70%,25.20%,7.50%
Grantham and Stamford,"81,502",Lincolnshire,East Midlands,Gareth Davies,Conservative,Labour,"26,003",Leave,61%,67%,"£212,995","£26,600",15.20%,24.80%,7.50%
Upper Bann,"82,887","Armagh City, Banbridge and Craigavon",Northern Ireland,Carla Lockhart,DUP,Sinn Féin,"8,210",Leave,53%,67%,,"£22,700",,21.50%,7.50%
Dover,"76,355",Kent,South East,Natalie Elphicke,Conservative,Labour,"12,278",Leave,63%,66%,"£250,000","£32,000",25.80%,20.70%,7.50%
Gateshead,"64,449",Tyne and Wear,North East,Ian Mearns,Labour,Conservatives,"7,200",Leave,56%,48%,"£129,800","£26,000",28.50%,20.70%,7.50%
Basildon and Billericay,"69,906",Essex,Eastern,John Baron,Conservative,Labour,"20,412",Leave,67%,67%,"£338,000","£30,700",14.60%,20.60%,7.50%
"Sheffield, Heeley","66,940",South Yorkshire,Yorkshire & the Humber,Louise Haigh,Labour,Conservatives,"8,520",Leave,58%,77%,"£310,000","£33,800",26.30%,43.60%,7.40%
Sutton Coldfield,"75,638",West Midlands,West Midlands,Andrew Mitchell,Conservative,Labour,"19,272",Leave,52%,79%,"£328,000","£37,300",20.00%,34.90%,7.40%
Wealden,"82,998",East Sussex,South East,Nus Ghani,Conservative,Liberal Democracts,"25,655",Leave,53%,77%,"£360,000","£31,700",12.80%,30.20%,7.40%
Sunderland Central,"72,680",Tyne and Wear,North East,Julie Elliott,Labour,Conservatives,"2,964",Leave,60%,59%,"£126,998","£25,600",33.10%,21.40%,7.40%
Buckingham,"83,146",Buckinghamshire,South East,Greg Smith,Conservative,Liberal Democracts,"20,411",Remain,51%,76%,"£402,000","£37,100",9.10%,35.70%,7.30%
North East Bedfordshire,"90,678",Bedfordshire,Eastern,Richard Fuller,Conservative,Liberal Democracts,"24,301",Leave,53%,74%,"£320,000","£34,700",14.00%,30.10%,7.30%
Bury St Edmunds,"89,644",Suffolk,Eastern,Jo Churchill,Conservative,Labour,"24,988",Leave,54%,69%,"£265,000","£29,100",19.40%,26.40%,7.30%
East Worthing and Shoreham,"75,194",West Sussex,South East,Tim Loughton,Conservative,Liberal Democracts,"15,607",Leave,54%,74%,"£320,000","£29,200",13.90%,23.70%,7.30%
Foyle,"74,346",Derry City and Strabane,Northern Ireland,Colum Eastwood,SDLP,Sinn Féin,"17,110",Remain,78%,56%,,"£21,700",,21.80%,7.30%
Sheffield South East,"67,832",South Yorkshire,Yorkshire & the Humber,Clive Betts,Labour,Conservatives,"4,289",Leave,66%,58%,"£162,000","£27,000",20.60%,21.70%,7.30%
Norwich North,"67,172",Norfolk,Eastern,Chloe Smith,Conservative,Labour,"4,738",Leave,57%,65%,"£220,000","£26,300",17.40%,19.80%,7.30%
Hyndburn,"70,842",Lancashire,North West,Sara Britcliffe,Conservative,Labour,"2,951",Leave,66%,68%,"£108,250","£24,500",17.20%,19.50%,7.30%
"Inverness, Nairn, Badenoch and Strathspey","78,059",Highland,Scotland,Drew Hendry,SNP,Conservatives,"10,440",Remain,59%,66%,,"£24,900",30.60%,28.10%,7.20%
Newport East,"58,554",Newport,Wales,Jessica Morden,Labour,Conservatives,"1,992",Leave,60%,66%,"£180,000","£27,700",15.00%,20.50%,7.20%
Stirling,"68,473",Stirling,Scotland,Alyn Smith,SNP,Conservatives,"9,254",Remain,68%,66%,,"£31,500",21.00%,33.30%,7.10%
Lewes,"71,503",East Sussex,South East,Maria Caulfield,Conservative,Liberal Democracts,"2,457",Remain,53%,73%,"£342,500","£32,000",20.90%,31.40%,7.10%
Saffron Walden,"87,017",Essex,Eastern,Kemi Badenoch,Conservative,Liberal Democracts,"27,594",Leave,51%,72%,"£435,000","£34,800",23.10%,31.30%,7.10%
City of Durham,"71,271",County Durham,North East,Mary Foy,Labour,Conservatives,"5,025",Remain,56%,65%,"£153,000","£30,100",36.20%,29.30%,7.10%
Taunton Deane,"88,676",Somerset,South West,Rebecca Pow,Conservative,Liberal Democracts,"11,700",Leave,53%,67%,"£234,500","£28,100",28.50%,28.10%,7.10%
Dudley North,"61,936",West Midlands,West Midlands,Marco Longhi,Conservative,Labour,"11,533",Leave,71%,63%,"£165,000","£27,600",41.70%,17.00%,7.10%
Belfast East,"66,245",Belfast; Lisburn and Castlereagh,Northern Ireland,Gavin Robinson,DUP,Alliance,"1,819",Leave,51%,63%,,"£25,200",,27.40%,7.00%
Eastleigh,"83,880",Hampshire,South East,Paul Holmes,Conservative,Labour,"22,787",Leave,54%,71%,"£299,997","£32,400",14.10%,26.00%,7.00%
Stoke-on-Trent North,"68,298",Staffordshire,West Midlands,Jonathan Gullis,Conservative,Labour,"6,286",Leave,72%,62%,"£125,250","£24,200",17.30%,13.70%,7.00%
Rushcliffe,"77,047",Nottinghamshire,East Midlands,Ruth Edwards,Conservative,Labour,"7,643",Remain,59%,76%,"£300,000","£34,900",22.20%,39.90%,6.90%
Kenilworth and Southam,"68,154",Warwickshire,West Midlands,Jeremy Wright,Conservative,Liberal Democracts,"20,353",Remain,54%,77%,"£340,000","£38,800",11.50%,38.00%,6.90%
Chippenham,"77,221",Wiltshire,South West,Michelle Donelan,Conservative,Liberal Democracts,"11,288",Leave,52%,72%,"£275,000","£29,700",18.90%,29.90%,6.90%
Stafford,"72,572",Staffordshire,West Midlands,Theodora Clarke,Conservative,Labour,"8,562",Leave,57%,69%,"£207,250","£30,400",31.40%,28.40%,6.90%
Crewe and Nantwich,"80,321",Cheshire,North West,Kieran Mullan,Conservative,Labour,"8,508",Leave,59%,71%,"£175,000","£27,900",11.80%,24.20%,6.90%
The Cotswolds,"81,939",Gloucestershire,South West,Geoffrey Clifton-Brown,Conservative,Liberal Democracts,"20,214",Remain,52%,67%,"£385,000","£31,300",10.40%,34.40%,6.80%
North Wiltshire,"73,280",Wiltshire,South West,James Gray,Conservative,Labour,"20,400",Leave,50%,72%,"£295,000","£33,600",10.50%,32.10%,6.80%
Arfon,"42,215",Gwynedd,Wales,Hywel Williams,Plaid Cymru,Labour,"2,781",Remain,65%,62%,"£157,250","£27,100",37.30%,27.90%,6.80%
Southport,"70,837",Merseyside,North West,Damien Moore,Conservative,Labour,"21,630",Remain,55%,73%,"£185,000","£29,000",21.80%,27.00%,6.80%
West Tyrone,"66,259",Derry City and Strabane; Fermanagh and Omagh,Northern Ireland,Órfhlaith Begley,Sinn Féin,DUP,"7,478",Remain,67%,68%,,"£21,400",,20.20%,6.80%
Stratford-on-Avon,"74,037",Warwickshire,West Midlands,Nadhim Zahawi,Conservative,Liberal Democracts,"19,972",Leave,51%,71%,"£335,000","£32,100",10.60%,33.60%,6.70%
Arundel and South Downs,"81,726",West Sussex,South East,Andrew Griffith,Conservative,Liberal Democracts,"22,521",Leave,51%,76%,"£437,750","£32,100",9.20%,33.00%,6.70%
Tewkesbury,"83,958",Gloucestershire,South West,Laurence Robertson,Conservative,Liberal Democracts,"22,410",Leave,54%,75%,"£277,250","£32,000",11.60%,29.70%,6.70%
Nuneaton,"70,226",Warwickshire,West Midlands,Marcus Jones,Conservative,Labour,"13,144",Leave,65%,70%,"£185,000","£28,800",24.20%,19.40%,6.70%
New Forest West,"70,869",Hampshire,South East,Desmond Swayne,Conservative,Liberal Democracts,"16,047",Leave,56%,75%,"£380,000","£32,400",14.20%,28.80%,6.50%
Weston-Super-Mare,"82,526",Somerset (prev. Avon),South West,John Penrose,Conservative,Liberal Democracts,"24,499",Leave,57%,67%,"£230,000","£26,700",18.40%,23.00%,6.50%
Heywood and Middleton,"80,162",Greater Manchester,North West,Chris Clarkson,Conservative,Labour,663,Leave,62%,65%,"£159,995","£26,000",13.60%,19.80%,6.50%
South Basildon and East Thurrock,"74,441",Essex,Eastern,Stephen Metcalfe,Conservative,Labour,"4,498",Leave,73%,66%,"£295,000","£31,000",32.10%,15.60%,6.50%
Great Yarmouth,"71,957",Norfolk,Eastern,Brandon Lewis,Conservative,Labour,"17,663",Leave,72%,64%,"£185,500","£24,900",21.20%,14.20%,6.50%
York Outer,"74,673",North Yorkshire,Yorkshire & the Humber,Julian Sturdy,Conservative,Labour,"9,985",Remain,55%,82%,"£280,000","£30,800",9.70%,32.10%,6.40%
Harwich and North Essex,"74,153",Essex,Eastern,Bernard Jenkin,Conservative,Labour,"20,182",Leave,61%,76%,"£295,000","£31,400",13.70%,24.30%,6.40%
Worsley and Eccles South,"75,219",Greater Manchester,North West,Barbara Keeley,Labour,Conservatives,"3,219",Leave,60%,60%,"£185,000","£27,600",15.70%,20.30%,6.40%
Banff and Buchan,"66,655",Aberdeenshire,Scotland,David Duguid,Conservative,SNP,"4,118",Leave,54%,68%,,"£27,900",21.50%,18.60%,6.40%
Telford,"68,921",Shropshire,West Midlands,Lucy Allan,Conservative,Labour,"10,941",Leave,67%,61%,"£164,000","£25,800",14.90%,18.30%,6.40%
Newcastle upon Tyne North,"68,211",Tyne and Wear,North East,Catherine McKinnell,Labour,Labour,"25,251",Leave,57%,65%,"£183,000","£29,700",23.70%,26.60%,6.30%
Faversham and Mid Kent,"73,403",Kent,South East,Helen Whately,Conservative,Labour,"21,976",Leave,58%,71%,"£330,000","£30,100",16.90%,25.30%,6.30%
Tatton,"69,018",Cheshire,North West,Esther McVey,Conservative,Labour,"17,387",Remain,54%,75%,"£342,500","£34,400",5.60%,37.40%,6.20%
West Aberdeenshire and Kincardine,"72,640",Aberdeenshire,Scotland,Andrew Bowie,Conservative,SNP,843,Remain,61%,75%,,"£37,800",11.40%,33.30%,6.20%
Richmond (Yorks),"82,569",North Yorkshire,Yorkshire & the Humber,Rishi Sunak,Conservative,Conservatives,"7,766",Leave,55%,67%,"£229,475","£27,200",29.20%,29.70%,6.20%
North Dorset,"76,765",Dorset,South West,Simon Hoare,Conservative,Liberal Democracts,"14,752",Leave,56%,72%,"£305,000","£28,200",16.80%,27.50%,6.20%
Bexhill and Battle,"81,963",East Sussex,South East,Huw Merriman,Conservative,Labour,"26,059",Leave,58%,75%,"£320,000","£28,800",13.80%,25.90%,6.20%
Livingston,"82,285",West Lothian,Scotland,Hannah Bardell,SNP,Conservatives,"13,435",Remain,56%,63%,,"£24,200",21.00%,19.90%,6.20%
Walsall North,"67,177",West Midlands,West Midlands,Eddie Hughes,Conservative,Labour,"11,965",Leave,74%,55%,"£145,000","£25,600",17.50%,12.30%,6.20%
Warrington South,"86,015",Cheshire,North West,Andy Carter,Conservative,Labour,"2,010",Leave,51%,75%,"£228,000","£33,100",20.40%,31.70%,6.10%
Yeovil,"82,468",Somerset,South West,Marcus Fysh,Conservative,Liberal Democracts,"16,181",Leave,59%,69%,"£218,000","£28,200",17.50%,23.00%,6.10%
North Thanet,"72,756",Kent,South East,Roger Gale,Conservative,Labour,"17,536",Leave,65%,67%,"£275,000","£27,800",25.00%,19.50%,6.10%
Ceredigion,"56,250",Ceredigion,Wales,Ben Lake,Plaid Cymru,Conservatives,"6,329",Remain,55%,68%,"£195,000","£26,000",28.50%,27.90%,6.00%
Mid Worcestershire,"78,220",Worcestershire,West Midlands,Nigel Huddleston,Conservative,Labour,"22,594",Leave,59%,72%,"£278,000","£29,200",14.20%,27.60%,6.00%
Gedling,"71,366",Nottinghamshire,East Midlands,Tom Randall,Conservative,Labour,679,Leave,56%,74%,"£190,000","£29,300",22.70%,24.30%,6.00%
Newcastle-under-Lyme,"57,845",Staffordshire,West Midlands,Aaron Bell,Conservative,Liberal Democracts,"24,403",Leave,62%,66%,"£151,000","£27,600",13.00%,22.70%,6.00%
Braintree,"75,208",Essex,Eastern,James Cleverly,Conservative,Labour,"24,673",Leave,61%,69%,"£292,998","£29,700",16.90%,22.00%,6.00%
Torbay,"75,054",Devon,South West,Kevin Foster,Conservative,Liberal Democracts,"17,749",Leave,63%,65%,"£195,000","£25,600",31.50%,20.70%,6.00%
Swansea East,"58,450",Swansea,Wales,Carolyn Harris,Labour,Conservatives,"7,970",Leave,62%,61%,"£125,000","£26,800",37.00%,17.90%,6.00%
Shipley,"74,029",West Yorkshire,Yorkshire & the Humber,Philip Davies,Conservative,Labour,"6,242",Leave,52%,73%,"£190,000","£28,800",23.30%,31.70%,5.90%
Suffolk Coastal,"81,910",Suffolk,Eastern,Therese Coffey,Conservative,Labour,"20,533",Leave,56%,71%,"£292,250","£29,000",13.30%,26.90%,5.90%
Gosport,"73,541",Hampshire,South East,Caroline Dinenage,Conservative,Labour,"23,278",Leave,62%,68%,"£234,000","£29,300",20.20%,23.00%,5.90%
Rutland and Melton,"82,705",Leicestershire and Rutland,East Midlands,Alicia Kearns,Conservative,Labour,"26,924",Leave,54%,73%,"£272,000","£29,000",13.50%,29.90%,5.80%
Somerton and Frome,"85,866",Somerset,South West,David Warburton,Conservative,Liberal Democracts,"19,213",Leave,51%,72%,"£296,275","£29,400",13.20%,28.90%,5.80%
Dundee East,"66,210",Angus and Dundee City,Scotland,Stewart Hosie,SNP,Conservatives,"13,375",Remain,62%,63%,,"£24,500",22.10%,26.40%,5.80%
"Liverpool, West Derby","65,640",Merseyside,North West,Ian Byrne,Labour,Conservatives,"29,984",Leave,50%,55%,"£125,000","£27,600",47.30%,17.20%,5.80%
Meon Valley,"75,737",Hampshire,South East,Flick Drummond,Conservative,Liberal Democracts,"23,555",Leave,53%,77%,"£340,000","£33,500",9.70%,31.80%,5.70%
Skipton and Ripon,"78,673",North Yorkshire,Yorkshire & the Humber,Julian Smith,Conservative,Labour,"23,694",Leave,53%,71%,"£256,500","£27,100",12.30%,31.50%,5.70%
North Herefordshire,"70,252",Herefordshire,West Midlands,Bill Wiggin,Conservative,Labour,"18,189",Leave,58%,70%,"£290,000","£25,600",11.70%,30.10%,5.70%
Fareham,"78,337",Hampshire,South East,Suella Braverman,Conservative,Labour,"26,086",Leave,55%,80%,"£305,000","£34,300",17.90%,29.50%,5.70%
Newark,"75,850",Nottinghamshire,East Midlands,Robert Jenrick,Conservative,Labour,"7,446",Leave,56%,73%,"£225,000","£29,900",18.10%,28.00%,5.70%
Wells,"84,124",Somerset,South West,James Heappey,Conservative,Liberal Democracts,"9,991",Leave,53%,72%,"£260,000","£28,200",12.00%,26.50%,5.70%
Meriden,"85,368",West Midlands,West Midlands,Saqib Bhatti,Conservative,Labour,"22,836",Leave,58%,69%,"£325,000","£29,500",14.70%,26.20%,5.70%
Mid Norfolk,"82,203",Norfolk,Eastern,George Freeman,Conservative,Labour,"11,626",Leave,61%,72%,"£245,000","£28,200",19.80%,21.30%,5.70%
Halesowen and Rowley Regis,"68,300",West Midlands,West Midlands,James Morris,Conservative,Labour,"12,074",Leave,66%,68%,"£185,000","£27,600",11.60%,19.00%,5.70%
Belfast North,"72,225",Belfast; Antrim and Newtownabbey,Northern Ireland,John Finucane,Sinn Féin,DUP,"1,943",Remain,50%,54%,,"£21,200",,18.70%,5.70%
Blackpool South,"57,690",Lancashire,North West,Scott Benton,Conservative,Labour,"3,690",Leave,68%,60%,"£114,000","£23,800",23.10%,14.60%,5.70%
West Dorset,"81,897",Dorset,South West,Chris Loder,Conservative,Liberal Democracts,"14,106",Leave,51%,69%,"£315,000","£28,000",30.00%,30.80%,5.60%
Shrewsbury and Atcham,"82,238",Shropshire,West Midlands,Daniel Kawczynski,Conservative,Labour,"11,217",Leave,53%,69%,"£225,500","£27,700",28.70%,29.30%,5.60%
Daventry,"77,423",Northamptonshire,East Midlands,Chris Heaton-Harris,Conservative,Labour,"26,080",Leave,59%,73%,"£280,000","£30,300",11.50%,28.60%,5.60%
Lagan Valley,"75,735","Armagh City, Banbridge and Craigavon; Lisburn and Castlereagh; Newry, Mourne and Down",Northern Ireland,Sir Jeffrey Donaldson,DUP,Alliance,"6,499",Leave,53%,73%,,"£27,000",,28.10%,5.60%
New Forest East,"73,549",Hampshire,South East,Julian Lewis,Conservative,Labour,"21,816",Leave,60%,75%,"£320,000","£30,000",17.20%,25.80%,5.60%
Sittingbourne and Sheppey,"83,917",Kent,South East,Gordon Henderson,Conservative,Labour,"24,479",Leave,66%,68%,"£250,000","£30,600",18.40%,16.50%,5.60%
Mansfield,"77,131",Nottinghamshire,East Midlands,Ben Bradley,Conservative,Labour,"16,306",Leave,71%,67%,"£145,000","£24,800",21.00%,16.40%,5.60%
Gordon,"79,629",Aberdeenshire,Scotland,Richard Thomson,SNP,Conservatives,819,Remain,56%,77%,,"£32,300",9.90%,28.20%,5.50%
Central Suffolk and North Ipswich,"80,037",Suffolk,Eastern,Daniel Poulter,Conservative,Labour,"23,391",Leave,54%,75%,"£275,000","£30,900",16.10%,26.70%,5.50%
South Leicestershire,"80,520",Leicestershire,East Midlands,Alberto Costa,Conservative,Labour,"20,971",Leave,58%,80%,"£239,995","£32,200",11.80%,25.70%,5.50%
Christchurch,"71,520",Dorset,South West,Christopher Chope,Conservative,Liberal Democracts,"24,617",Leave,60%,79%,"£380,000","£33,300",13.60%,24.90%,5.50%
South Dorset,"73,809",Dorset,South West,Richard Drax,Conservative,Liberal Democracts,"2,904",Leave,59%,67%,"£255,000","£26,400",21.00%,24.10%,5.50%
South Down,"79,175","Armagh City, Banbridge and Craigavon; Newry, Mourne and Down",Northern Ireland,Chris Hazzard,Sinn Féin,SDLP,"1,620",Remain,67%,73%,,"£24,900",,23.90%,5.50%
Darlington,"66,397",County Durham,North East,Peter Gibson,Conservative,Labour,"3,294",Leave,58%,63%,"£132,500","£25,500",27.40%,22.00%,5.50%
Stalybridge and Hyde,"73,064",Greater Manchester,North West,Jonathan Reynolds,Labour Co-op,Conservatives,"19,122",Leave,59%,64%,"£164,500","£25,200",20.30%,20.10%,5.50%
Pudsey,"73,212",West Yorkshire,Yorkshire & the Humber,Stuart Andrew,Conservative,Labour,"3,517",Remain,52%,73%,"£225,000","£30,800",15.10%,32.40%,5.40%
Stroud,"84,537",Gloucestershire,South West,Siobhan Baillie,Conservative,Labour,"3,840",Remain,54%,73%,"£280,000","£28,500",13.20%,32.10%,5.40%
North Down,"67,099",Ards and North Down,Northern Ireland,Stephen Farry,Alliance,DUP,"2,968",Remain,52%,74%,,"£26,900",,30.30%,5.40%
Glasgow East,"67,381",Glasgow City,Scotland,David Linden,SNP,Labour,"5,566",Remain,56%,46%,,"£21,600",15.40%,12.70%,5.40%
Truro and Falmouth,"76,719",Cornwall,South West,Cherilyn Mackrory,Conservative,Labour,"4,561",Remain,53%,67%,"£295,000","£27,600",24.90%,31.70%,5.30%
East Devon,"87,168",Devon,South West,Simon Jupp,Conservative,Liberal Democracts,"4,331",Leave,50%,75%,"£304,000","£29,100",18.50%,31.10%,5.30%
Stockton South,"76,870",County Durham and North Yorkshire (prev. Cleveland),North East,Matt Vickers,Conservative,Labour,"5,260",Leave,58%,74%,"£165,500","£31,600",14.00%,27.10%,5.30%
East Lothian,"81,600",East Lothian,Scotland,Kenny MacAskill,Alba,Labour,"3,886",Remain,65%,65%,,"£28,900",25.60%,27.00%,5.30%
Witham,"70,402",Essex,Eastern,Priti Patel,Conservative,Labour,"24,082",Leave,61%,73%,"£310,000","£35,100",11.50%,23.80%,5.30%
Warrington North,"72,235",Cheshire,North West,Charlotte Nichols,Labour,Conservatives,"1,509",Leave,59%,68%,"£172,000","£27,700",12.70%,22.70%,5.30%
Moray,"71,035",Moray,Scotland,Douglas Ross,Conservative,SNP,513,Remain,50%,66%,,"£26,200",25.80%,22.70%,5.30%
Carlisle,"65,105",Cumbria,North West,John Stevenson,Conservative,Labour,"8,319",Leave,60%,67%,"£135,000","£26,400",25.20%,20.90%,5.30%
Mid Ulster,"70,449",Mid Ulster,Northern Ireland,Francie Molloy,Sinn Féin,DUP,"9,537",Remain,60%,73%,,"£23,100",,20.50%,5.30%
Macclesfield,"76,216",Cheshire,North West,David Rutley,Conservative,Labour,"10,711",Remain,52%,75%,"£255,000","£32,600",19.50%,35.00%,5.20%
Westmorland and Lonsdale,"67,789",Cumbria,North West,Tim Farron,Liberal Democrats,Labour,"23,194",Remain,53%,72%,"£265,000","£27,300",14.80%,33.30%,5.20%
"Ross, Skye and Lochaber","54,230",Highland,Scotland,Ian Blackford,SNP,Liberal Democracts,"9,443",Remain,57%,68%,,"£23,300",26.80%,28.50%,5.20%
Bolton West,"73,191",Greater Manchester,North West,Chris Green,Conservative,Labour,"8,855",Leave,56%,72%,"£170,000","£29,700",11.60%,27.30%,5.20%
Scarborough and Whitby,"74,404",North Yorkshire,Yorkshire & the Humber,Robert Goodwill,Conservative,Labour,"10,270",Leave,61%,65%,"£175,000","£26,300",23.80%,23.00%,5.20%
Isle of Wight,"113,021",Isle of Wight,South East,Bob Seely,Conservative,Labour,"23,737",Leave,62%,70%,"£230,000","£26,700",21.40%,22.60%,5.20%
Bridgwater and West Somerset,"85,327",Somerset,South West,Ian Liddell-Grainger,Conservative,Labour,"24,439",Leave,62%,68%,"£225,000","£27,700",21.00%,21.70%,5.20%
Stoke-on-Trent South,"64,491",Staffordshire,West Midlands,Jack Brereton,Conservative,Labour,"11,271",Leave,71%,66%,"£139,000","£26,300",14.20%,15.80%,5.20%
North Somerset,"80,194",Somerset (prev. Avon),South West,Liam Fox,Conservative,Liberal Democracts,"14,395",Remain,52%,79%,"£340,000","£34,800",14.40%,34.00%,5.10%
Wyre and Preston North,"74,775",Lancashire,North West,Ben Wallace,Conservative,Labour,"16,781",Leave,54%,83%,"£210,000","£29,700",30.90%,32.00%,5.10%
Mid Dorset and North Poole,"65,427",Dorset,South West,Michael Tomlinson,Conservative,Conservatives,"8,395",Leave,58%,78%,"£336,000","£28,200",18.20%,27.10%,5.10%
"Berwickshire, Roxburgh and Selkirk","74,518",Scottish Borders,Scotland,John Lamont,Conservative,SNP,"5,148",Remain,57%,60%,,"£25,700",30.40%,25.00%,5.10%
Havant,"72,103",Hampshire,South East,Alan Mak,Conservative,Labour,"21,792",Leave,62%,67%,"£290,000","£30,300",15.40%,22.20%,5.10%
Garston and Halewood,"76,116",Merseyside,North West,Maria Eagle,Labour,Conservatives,"31,624",Remain,52%,60%,"£175,000","£29,900",13.20%,22.00%,5.10%
Kirkcaldy and Cowdenbeath,"72,853",Fife,Scotland,Neale Hanvey,Alba,Labour,"1,243",Remain,58%,62%,,"£25,200",31.50%,21.40%,5.10%
Totnes,"69,863",Devon,South West,Anthony Mangnall,Conservative,Liberal Democracts,"12,724",Leave,54%,70%,"£295,375","£26,300",13.60%,28.80%,5.00%
Sleaford and North Hykeham,"94,761",Lincolnshire,East Midlands,Caroline Johnson,Conservative,Labour,"32,565",Leave,62%,75%,"£215,550","£31,200",15.30%,26.10%,5.00%
South Suffolk,"76,201",Suffolk,Eastern,James Cartlidge,Conservative,Labour,"4,147",Leave,54%,72%,"£295,000","£30,500",13.20%,26.00%,5.00%
Morecambe and Lunesdale,"67,397",Lancashire,North West,David Morris,Conservative,Labour,"6,354",Leave,59%,71%,"£165,000","£25,800",17.10%,23.60%,5.00%
Denton and Reddish,"66,234",Greater Manchester,North West,Andrew Gwynne,Labour,Conservatives,"6,175",Leave,61%,67%,"£165,000","£27,100",12.60%,17.30%,5.00%
Great Grimsby,"61,409",Lincolnshire (prev. Humberside),Yorkshire & the Humber,Lia Nici,Conservative,Labour,"7,331",Leave,71%,60%,"£122,500","£24,700",21.40%,14.50%,5.00%
Central Devon,"74,926",Devon,South West,Mel Stride,Conservative,Labour,"17,721",Leave,51%,73%,"£276,250","£26,300",11.60%,30.90%,4.90%
Fylde,"66,847",Lancashire,North West,Mark Menzies,Conservative,Labour,"16,611",Leave,57%,74%,"£214,950","£33,500",16.40%,30.00%,4.90%
Argyll and Bute,"66,525",Argyll and Bute,Scotland,Brendan O'Hara,SNP,Conservatives,"4,110",Remain,61%,66%,,"£24,600",30.60%,28.90%,4.90%
Ochil and South Perthshire,"78,776",Clackmannanshire and Perth and Kinross,Scotland,John Nicolson,SNP,Conservatives,"4,498",Remain,61%,67%,,"£29,000",17.90%,27.70%,4.90%
South Antrim,"71,711",Antrim and Newtownabbey; Lisburn and Castlereagh,Northern Ireland,Paul Girvan,DUP,UUP,"2,689",Leave,51%,75%,,"£25,300",,24.30%,4.90%
East Londonderry,"69,246",Causeway Coast and Glens; Derry City and Strabane,Northern Ireland,Gregory Campbell,DUP,SDLP,"9,607",Remain,52%,67%,,"£23,600",,22.20%,4.90%
Brigg and Goole,"65,939",East Riding of Yorkshire and Lincolnshire (prev. Humberside),Yorkshire & the Humber,Andrew Percy,Conservative,Labour,"21,941",Leave,66%,73%,"£165,000","£28,200",16.80%,20.60%,4.90%
"Liverpool, Walton","62,628",Merseyside,North West,Dan Carden,Labour,Conservatives,"30,520",Leave,54%,47%,"£97,000","£25,700",43.10%,13.30%,4.90%
East Dunbartonshire,"66,075",East Dunbartonshire,Scotland,Amy Callaghan,SNP,Liberal Democracts,149,Remain,73%,86%,,"£32,000",20.50%,38.30%,4.80%
East Renfrewshire,"72,232",East Renfrewshire,Scotland,Kirsten Oswald,SNP,Conservatives,"5,426",Remain,74%,82%,,"£34,100",26.80%,35.20%,4.80%
West Worcestershire,"76,241",Worcestershire,West Midlands,Harriett Baldwin,Conservative,Conservatives,"1,934",Leave,53%,72%,"£298,000","£28,100",14.00%,33.70%,4.80%
South Norfolk,"86,214",Norfolk,Eastern,Richard Bacon,Conservative,Labour,"14,459",Leave,51%,75%,"£267,000","£30,900",28.00%,27.50%,4.80%
Tiverton and Honiton,"82,953",Devon,South West,Neil Parish,Conservative,Labour,"24,239",Leave,58%,71%,"£269,000","£27,100",14.70%,25.30%,4.80%
North Shropshire,"83,258",Shropshire,West Midlands,Owen Paterson,Conservative,Liberal Democracts,"24,856",Leave,59%,70%,"£215,000","£28,800",15.60%,24.90%,4.80%
Paisley and Renfrewshire South,"64,385",Renfrewshire,Scotland,Mhairi Black,SNP,Labour,"10,679",Remain,66%,59%,,"£24,100",42.60%,22.50%,4.80%
Stourbridge,"69,891",West Midlands,West Midlands,Suzanne Webb,Conservative,Labour,"13,571",Leave,64%,72%,"£194,000","£30,000",18.30%,21.90%,4.80%
Bassetlaw,"80,024",Nottinghamshire,East Midlands,Brendan Clarke-Smith,Conservative,Labour,"14,013",Leave,68%,69%,"£166,500","£28,700",18.60%,19.80%,4.80%
North East Somerset,"73,692",Somerset (prev. Avon),South West,Jacob Rees-Mogg,Conservative,Liberal Democracts,"20,211",Leave,52%,77%,"£310,000","£29,400",15.60%,28.60%,4.70%
Thornbury and Yate,"69,492",Gloucestershire (prev. Avon),South West,Luke Hall,Conservative,Liberal Democracts,"12,369",Leave,53%,79%,"£295,000","£30,800",14.40%,28.10%,4.70%
Carmarthen West and South Pembrokeshire,"59,158",Carmarthenshire; Pembrokeshire,Wales,Simon Hart,Conservative,Labour,"7,745",Leave,55%,69%,"£189,748","£26,500",31.60%,25.00%,4.70%
Alyn and Deeside,"62,789",Flintshire; Wrexham,Wales,Mark Tami,Labour,Conservatives,213,Leave,58%,73%,"£170,000","£27,300",11.10%,21.30%,4.70%
Llanelli,"60,518",Carmarthenshire; Swansea,Wales,Nia Griffith,Labour,Conservatives,"4,670",Leave,55%,69%,"£133,000","£26,900",26.90%,21.00%,4.70%
Angus,"63,952",Angus,Scotland,Dave Doogan,SNP,Conservatives,"3,795",Remain,52%,60%,,"£26,300",27.50%,21.00%,4.70%
Birkenhead,"63,762",Merseyside,North West,Mick Whitley,Labour,Birkenhead Social Justice Party,"17,705",Leave,52%,53%,"£121,000","£26,600",23.00%,19.90%,4.70%
Blackpool North and Cleveleys,"63,692",Lancashire,North West,Paul Maynard,Conservative,Labour,"8,596",Leave,67%,68%,"£130,000","£23,500",41.70%,17.60%,4.70%
"Plymouth, Moor View","69,430",Devon,South West,Johnny Mercer,Conservative,Labour,"12,897",Leave,66%,60%,"£170,000","£25,800",37.90%,15.70%,4.70%
Monmouth,"67,098",Monmouthshire,Wales,David Davies,Conservative,Labour,"9,982",Remain,52%,73%,"£270,000","£32,200",29.30%,33.90%,4.60%
Selby and Ainsty,"78,398",North Yorkshire,Yorkshire & the Humber,Nigel Adams,Conservative,Labour,"20,137",Leave,58%,75%,"£229,475","£31,000",11.20%,27.80%,4.60%
Brecon and Radnorshire,"55,490",Powys,Wales,Fay Jones,Conservative,Liberal Democracts,"7,131",Leave,52%,70%,"£196,425","£26,700",30.90%,27.80%,4.60%
Aberconwy,"44,699",Conwy,Wales,Robin Millar,Conservative,Labour,"2,034",Leave,53%,70%,"£189,300","£28,000",23.40%,27.10%,4.60%
Bridgend,"63,303",Bridgend,Wales,Jamie Wallis,Conservative,Labour,"1,157",Remain,50%,72%,"£185,000","£29,200",33.30%,26.60%,4.60%
North Antrim,"77,134",Causeway Coast and Glens; Mid and East Antrim,Northern Ireland,Ian Paisley Jr,DUP,UUP,"12,721",Leave,62%,70%,,"£23,800",,20.90%,4.60%
St Ives,"68,795",Cornwall,South West,Derek Thomas,Conservative,Labour,"16,526",Leave,54%,67%,"£265,000","£23,100",16.30%,26.60%,4.50%
Pontypridd,"60,327",Rhondda Cynon Taf,Wales,Alex Davies-Jones,Labour,Conservatives,"5,887",Remain,54%,74%,"£162,000","£29,700",28.00%,25.80%,4.50%
Newton Abbot,"72,529",Devon,South West,Anne Marie Morris,Conservative,Liberal Democracts,"17,501",Leave,56%,73%,"£248,000","£25,700",18.40%,25.50%,4.50%
Preseli Pembrokeshire,"59,606",Pembrokeshire,Wales,Stephen Crabb,Conservative,Labour,"5,062",Leave,56%,69%,"£175,000","£25,400",34.60%,25.40%,4.50%
North Cornwall,"69,935",Cornwall,South West,Scott Mann,Conservative,Labour,"5,507",Leave,60%,68%,"£260,000","£25,100",13.80%,23.00%,4.50%
North Devon,"75,859",Devon,South West,Selaine Saxby,Conservative,Labour,"4,697",Leave,57%,68%,"£256,250","£24,100",18.50%,22.90%,4.50%
Kingswood,"68,972",Gloucestershire (prev. Avon),South West,Chris Skidmore,Conservative,Labour,"11,220",Leave,57%,75%,"£267,000","£28,600",13.70%,22.20%,4.50%
North Warwickshire,"70,271",Warwickshire,West Midlands,Craig Tracey,Conservative,Labour,"17,189",Leave,68%,73%,"£190,000","£29,200",8.50%,18.40%,4.50%
Vale of Glamorgan,"76,508",Vale of Glamorgan,Wales,Alun Cairns,Conservative,Labour,"3,562",Leave,52%,71%,"£224,225","£28,700",23.40%,27.20%,4.40%
Dunfermline and West Fife,"76,652",Fife,Scotland,Douglas Chapman,SNP,Labour,"10,699",Remain,60%,70%,,"£25,600",24.10%,24.70%,4.40%
Barnsley Central,"65,277",South Yorkshire,Yorkshire & the Humber,Dan Jarvis,Labour,Brexit Party,"3,571",Leave,68%,63%,"£135,000","£25,000",30.10%,17.10%,4.40%
Thirsk and Malton,"80,991",North Yorkshire,Yorkshire & the Humber,Kevin Hollinrake,Conservative,Labour,"25,154",Leave,56%,69%,"£239,950","£26,600",17.10%,28.00%,4.30%
Orkney and Shetland,"34,211",Orkney Islands and Shetland Islands,Scotland,Alistair Carmichael,Liberal Democrats,SNP,"2,507",Remain,60%,67%,,"£26,300",38.10%,26.60%,4.30%
Maldon,"72,438",Essex,Eastern,John Whittingdale,Conservative,Labour,"30,041",Leave,61%,79%,"£347,000","£34,100",16.60%,24.20%,4.30%
Morley and Outwood,"78,803",West Yorkshire,Yorkshire & the Humber,Andrea Jenkyns,Conservative,Labour,"11,267",Leave,60%,73%,"£180,000","£31,800",20.20%,22.90%,4.30%
Vale of Clwyd,"56,649",Denbighshire,Wales,James Davies,Conservative,Labour,"1,827",Leave,56%,68%,"£149,973","£25,800",36.90%,21.80%,4.30%
Linlithgow and East Falkirk,"87,044",West Lothian and Falkirk,Scotland,Martyn Day,SNP,Conservatives,"11,266",Remain,58%,63%,,"£26,000",21.20%,21.50%,4.30%
Hemsworth,"73,726",West Yorkshire,Yorkshire & the Humber,Jon Trickett,Labour,Conservatives,"1,180",Leave,68%,65%,"£145,000","£25,300",19.40%,18.40%,4.30%
Clacton,"70,930",Essex,Eastern,Giles Watling,Conservative,Labour,"24,702",Leave,70%,73%,"£235,000","£25,500",26.10%,13.40%,4.30%
Camborne and Redruth,"70,250",Cornwall,South West,George Eustice,Conservative,Labour,"8,700",Leave,63%,70%,"£220,000","£24,600",16.60%,22.20%,4.20%
South Shields,"62,793",Tyne and Wear,North East,Emma Lewell-Buck,Labour,Labour,"21,275",Leave,62%,55%,"£137,500","£26,200",36.10%,18.60%,4.20%
Dudley South,"60,731",West Midlands,West Midlands,Mike Wood,Conservative,Labour,"15,565",Leave,70%,68%,"£183,000","£28,700",17.50%,17.20%,4.20%
Wirral West,"55,550",Merseyside,North West,Margaret Greenwood,Labour,Conservatives,"3,003",Remain,55%,79%,"£220,000","£32,700",47.20%,32.60%,4.10%
Mid Derbyshire,"67,442",Derbyshire,East Midlands,Pauline Latham,Conservative,Labour,"15,385",Leave,53%,81%,"£225,000","£35,500",17.30%,31.30%,4.10%
South West Devon,"72,535",Devon,South West,Gary Streeter,Conservative,Labour,"22,897",Leave,55%,79%,"£245,000","£30,000",17.30%,28.10%,4.10%
Rossendale and Darwen,"72,770",Lancashire,North West,Jake Berry,Conservative,Labour,"9,522",Leave,59%,71%,"£144,250","£26,100",15.80%,24.90%,4.10%
East Antrim,"64,830",Antrim and Newtownabbey; Causeway Coast and Glens; Mid and East Antrim,Northern Ireland,Sammy Wilson,DUP,Alliance,"6,706",Leave,55%,72%,,"£26,000",,23.90%,4.10%
Ellesmere Port and Neston,"70,327",Cheshire,North West,Justin Madders,Labour,Conservatives,"8,764",Leave,58%,72%,"£180,000","£30,400",12.30%,23.70%,4.10%
St Austell and Newquay,"79,930",Cornwall,South West,Steve Double,Conservative,Labour,"16,428",Leave,62%,69%,"£238,000","£24,100",16.00%,20.60%,4.10%
Wigan,"75,680",Greater Manchester,North West,Lisa Nandy,Labour,Conservatives,"6,728",Leave,63%,63%,"£142,000","£26,700",26.60%,19.80%,4.10%
Tynemouth,"77,261",Tyne and Wear,North East,Alan Campbell,Labour,Conservatives,"4,857",Remain,52%,70%,"£210,000","£31,600",24.20%,30.60%,4.00%
Bromsgrove,"75,078",Worcestershire,West Midlands,Sajid Javid,Conservative,Labour,"23,106",Leave,55%,79%,"£305,000","£33,800",15.10%,30.50%,4.00%
Hazel Grove,"63,346",Greater Manchester,North West,William Wragg,Conservative,Liberal Democracts,"4,423",Leave,52%,77%,"£245,000","£31,400",11.50%,27.90%,4.00%
South East Cornwall,"71,825",Cornwall,South West,Sheryll Murray,Conservative,Labour,"17,153",Leave,58%,71%,"£225,000","£27,200",14.10%,26.30%,4.00%
Clwyd West,"57,714",Conwy; Denbighshire,Wales,David Jones,Conservative,Labour,"6,747",Leave,53%,70%,"£169,950","£29,900",32.40%,25.90%,4.00%
Gainsborough,"76,343",Lincolnshire,East Midlands,Edward Leigh,Conservative,Labour,"22,967",Leave,62%,73%,"£190,000","£29,500",18.00%,25.20%,4.00%
Broadland,"78,151",Norfolk,Eastern,Jerome Mayhew,Conservative,Labour,"21,861",Leave,54%,76%,"£272,500","£29,000",9.80%,24.00%,4.00%
Bosworth,"81,542",Leicestershire,East Midlands,Luke Evans,Conservative,Labour,"26,278",Leave,61%,76%,"£212,000","£29,700",10.60%,23.70%,4.00%
North Norfolk,"70,729",Norfolk,Eastern,Duncan Baker,Conservative,Labour,"14,729",Leave,58%,71%,"£279,998","£25,500",14.70%,22.60%,4.00%
Midlothian,"70,544",Midlothian,Scotland,Owen Thompson,SNP,Labour,"5,705",Remain,62%,65%,,"£24,600",25.90%,21.10%,4.00%
Haltemprice and Howden,"71,083",East Riding of Yorkshire (prev. Humberside),Yorkshire & the Humber,David Davis,Conservative,Labour,"20,329",Leave,55%,82%,"£217,500","£32,500",24.80%,30.80%,3.90%
Calder Valley,"79,287",West Yorkshire,Yorkshire & the Humber,Craig Whittaker,Conservative,Labour,"5,774",Leave,53%,70%,"£168,000","£29,400",10.80%,29.90%,3.90%
South Derbyshire,"79,331",Derbyshire,East Midlands,Heather Wheeler,Conservative,Labour,"19,922",Leave,60%,75%,"£209,000","£32,100",14.90%,26.00%,3.90%
West Lancashire,"73,347",Lancashire,North West,Rosie Cooper,Labour,Conservatives,"8,336",Leave,55%,71%,"£185,000","£29,100",16.70%,25.20%,3.90%
Forest of Dean,"71,438",Gloucestershire,South West,Mark Harper,Conservative,Labour,"15,869",Leave,58%,75%,"£256,000","£28,500",15.40%,24.60%,3.90%
North West Leicestershire,"78,935",Leicestershire,East Midlands,Andrew Bridgen,Conservative,Labour,"1,144",Leave,61%,72%,"£220,000","£30,300",10.40%,24.30%,3.90%
Wyre Forest,"78,077",Worcestershire,West Midlands,Mark Garnier,Conservative,Labour,"21,413",Leave,63%,71%,"£200,000","£27,700",16.90%,22.10%,3.90%
Chesterfield,"71,034",Derbyshire,East Midlands,Toby Perkins,Labour,Conservatives,"1,451",Leave,59%,63%,"£166,500","£25,900",32.60%,21.70%,3.90%
Aldridge-Brownhills,"60,138",West Midlands,West Midlands,Wendy Morton,Conservative,Labour,"19,836",Leave,68%,76%,"£200,000","£29,500",14.70%,20.50%,3.90%
Leigh,"77,417",Greater Manchester,North West,James Grundy,Conservative,Labour,"1,965",Leave,63%,68%,"£158,500","£28,500",14.30%,20.20%,3.90%
North Tyneside,"78,902",Tyne and Wear,North East,Mary Glindon,Labour,Labour,"16,171",Leave,59%,60%,"£141,000","£26,900",11.70%,20.20%,3.90%
Rayleigh and Wickford,"78,930",Essex,Eastern,Mark Francois,Conservative,Labour,"31,000",Leave,68%,84%,"£345,000","£35,200",20.10%,19.90%,3.90%
Tamworth,"71,572",Staffordshire,West Midlands,Christopher Pincher,Conservative,Labour,"19,634",Leave,66%,70%,"£220,000","£28,000",11.70%,19.60%,3.90%
Stockton North,"66,649",County Durham (prev. Cleveland),North East,Alex Cunningham,Labour,Conservatives,"1,027",Leave,67%,63%,"£125,000","£25,900",25.50%,18.10%,3.90%
Merthyr Tydfil and Rhymney,"56,322",Caerphilly; Merthyr Tydfil,Wales,Gerald Jones,Labour,Conservatives,"10,606",Leave,58%,64%,"£100,000","£25,100",35.10%,16.40%,3.90%
Belfast West,"65,644",Belfast; Lisburn and Castlereagh,Northern Ireland,Paul Maskey,Sinn Féin,People Before Profit,"14,672",Remain,74%,54%,,"£20,100",,15.00%,3.90%
Kingston upon Hull East,"65,745",East Riding of Yorkshire (prev. Humberside),Yorkshire & the Humber,Karl Turner,Labour,Conservatives,"1,239",Leave,73%,55%,"£115,000","£23,800",14.80%,12.30%,3.90%
Weaver Vale,"70,551",Cheshire,North West,Mike Amesbury,Labour,Conservatives,562,Leave,50%,70%,"£205,000","£30,000",13.70%,27.60%,3.80%
Torridge and West Devon,"80,403",Devon,South West,Geoffrey Cox,Conservative,Liberal Democracts,"24,992",Leave,57%,72%,"£250,000","£26,300",16.50%,25.30%,3.80%
"Dumfriesshire, Clydesdale and Tweeddale","68,330","Dumfries and Galloway, Scottish Borders and South Lanarkshire",Scotland,David Mundell,Conservative,SNP,"3,781",Remain,56%,65%,,"£26,000",29.40%,24.80%,3.80%
Montgomeryshire,"48,997",Powys,Wales,Craig Williams,Conservative,Liberal Democracts,"12,138",Leave,56%,68%,"£185,000","£27,400",19.60%,24.70%,3.80%
Paisley and Renfrewshire North,"72,007",Renfrewshire,Scotland,Gavin Newlands,SNP,Labour,"11,902",Remain,64%,70%,,"£25,100",9.40%,23.60%,3.80%
Strangford,"66,928","Ards and North Down; Lisburn and Castlereagh; Newry, Mourne and Down",Northern Ireland,Jim Shannon,DUP,Alliance,"7,071",Leave,56%,73%,,"£25,100",,23.10%,3.80%
Wallasey,"66,310",Merseyside,North West,Angela Eagle,Labour,Conservatives,"18,322",Remain,50%,65%,"£147,500","£27,100",26.60%,20.20%,3.80%
Rutherglen and Hamilton West,"80,918",South Lanarkshire,Scotland,Margaret Ferrier,Independent,Labour,"5,230",Remain,63%,65%,,"£23,900",20.00%,19.70%,3.80%
Erewash,"72,523",Derbyshire,East Midlands,Maggie Throup,Conservative,Labour,"10,606",Leave,63%,71%,"£162,750","£27,700",20.30%,18.90%,3.80%
Waveney,"82,791",Suffolk,Eastern,Peter Aldous,Conservative,Labour,"18,002",Leave,63%,69%,"£195,000","£26,700",19.10%,17.10%,3.80%
Chorley,"78,177",Lancashire,North West,Lindsay Hoyle,Speaker,Independent,"17,392",Leave,57%,74%,"£172,000","£31,600",18.00%,27.80%,3.70%
South Ribble,"75,351",Lancashire,North West,Katherine Fletcher,Conservative,Labour,"24,004",Leave,57%,79%,"£192,500","£30,200",17.50%,27.50%,3.70%
Dumfries and Galloway,"74,580",Dumfries and Galloway,Scotland,Alister Jack,Conservative,SNP,"1,805",Remain,55%,64%,,"£23,000",26.10%,22.00%,3.70%
"Caithness, Sutherland and Easter Ross","46,930",Highland,Scotland,Jamie Stone,Liberal Democrats,SNP,204,Remain,51%,65%,,"£27,400",29.20%,21.10%,3.70%
Don Valley,"75,356",South Yorkshire,Yorkshire & the Humber,Nick Fletcher,Conservative,Conservatives,"2,278",Leave,69%,70%,"£150,000","£29,600",21.90%,18.20%,3.70%
"Normanton, Pontefract and Castleford","84,527",West Yorkshire,Yorkshire & the Humber,Yvette Cooper,Labour,Conservatives,"1,276",Leave,69%,63%,"£149,950","£26,200",14.70%,15.00%,3.70%
Wirral South,"57,280",Merseyside,North West,Alison McGovern,Labour,Conservatives,"6,105",Remain,53%,79%,"£215,000","£32,500",19.60%,30.70%,3.60%
Ribble Valley,"79,247",Lancashire,North West,Nigel Evans,Conservative,Labour,"18,439",Leave,59%,79%,"£203,000","£31,600",14.90%,30.00%,3.60%
High Peak,"74,265",Derbyshire,East Midlands,Robert Largan,Conservative,Labour,590,Leave,51%,72%,"£200,000","£28,800",23.20%,29.40%,3.60%
Lichfield,"76,616",Staffordshire,West Midlands,Michael Fabricant,Conservative,Labour,"23,638",Leave,58%,76%,"£260,000","£34,400",13.80%,29.30%,3.60%
Delyn,"54,560",Conwy; Flintshire,Wales,Rob Roberts,Conservative,Labour,865,Leave,55%,73%,"£173,000","£27,800",29.40%,23.80%,3.60%
Clwyd South,"53,919",Denbighshire; Wrexham,Wales,Simon Baynes,Conservative,Labour,"1,239",Leave,60%,65%,"£152,500","£27,700",16.60%,22.30%,3.60%
Motherwell and Wishaw,"68,856",North Lanarkshire,Scotland,Marion Fellows,SNP,Labour,"6,268",Remain,63%,54%,,"£24,200",40.50%,17.50%,3.60%
Castle Point,"69,608",Essex,Eastern,Rebecca Harris,Conservative,Labour,"26,634",Leave,73%,83%,"£315,000","£32,000",21.00%,14.60%,3.60%
Hexham,"61,324",Northumberland,North East,Guy Opperman,Conservative,Labour,"10,549",Remain,55%,71%,"£265,000","£31,700",17.90%,35.90%,3.50%
Gower,"61,762",Swansea,Wales,Tonia Antoniazzi,Labour,Conservatives,"1,837",Leave,50%,77%,"£190,000","£28,800",22.40%,31.70%,3.50%
Ludlow,"69,444",Shropshire,West Midlands,Philip Dunne,Conservative,Liberal Democracts,"23,648",Leave,59%,69%,"£255,000","£31,000",12.30%,28.40%,3.50%
Elmet and Rothwell,"80,957",West Yorkshire,Yorkshire & the Humber,Alec Shelbrooke,Conservative,Labour,"17,353",Leave,56%,77%,"£240,000","£30,800",15.50%,27.60%,3.50%
Ynys Môn,"51,925",Isle of Anglesey,Wales,Virginia Crosbie,Conservative,Labour,"1,968",Leave,51%,69%,"£191,000","£27,100",24.70%,26.10%,3.50%
Falkirk,"84,472",Falkirk,Scotland,John McNally,SNP,Conservatives,"14,948",Remain,58%,65%,,"£25,500",39.60%,21.20%,3.50%
Glenrothes,"65,672",Fife,Scotland,Peter Grant,SNP,Labour,"11,757",Remain,54%,60%,,"£22,800",44.50%,15.80%,3.50%
East Yorkshire,"80,923",East Riding of Yorkshire (prev. Humberside),Yorkshire & the Humber,Greg Knight,Conservative,Liberal Democracts,"24,040",Leave,63%,72%,"£191,427","£28,500",19.30%,22.90%,3.40%
"East Kilbride, Strathaven and Lesmahagow","81,224",South Lanarkshire,Scotland,Lisa Cameron,SNP,Labour,"13,322",Remain,62%,73%,,"£26,400",26.70%,22.50%,3.40%
Cleethorpes,"73,689",Lincolnshire (prev. Humberside),Yorkshire & the Humber,Martin Vickers,Conservative,Labour,"21,418",Leave,68%,73%,"£168,000","£30,100",12.20%,19.00%,3.40%
Derbyshire Dales,"65,080",Derbyshire,East Midlands,Sarah Dines,Conservative,Conservatives,"6,019",Leave,51%,73%,"£280,000","£31,700",26.00%,33.80%,3.30%
Congleton,"80,930",Cheshire,North West,Fiona Bruce,Conservative,Labour,"18,561",Leave,53%,78%,"£225,000","£31,900",14.20%,31.00%,3.30%
Eddisbury,"73,700",Cheshire,North West,Edward Timpson,Conservative,Labour,"18,443",Leave,52%,74%,"£260,000","£32,600",27.30%,30.00%,3.30%
Louth and Horncastle,"79,634",Lincolnshire,East Midlands,Victoria Atkins,Conservative,Labour,"28,868",Leave,69%,71%,"£181,000","£26,000",18.10%,19.80%,3.30%
Stone,"69,378",Staffordshire,West Midlands,Bill Cash,Conservative,Labour,"19,945",Leave,58%,79%,"£228,500","£30,400",11.30%,30.40%,3.20%
Beverley and Holderness,"79,696",East Riding of Yorkshire (prev. Humberside),Yorkshire & the Humber,Graham Stuart,Conservative,Labour,"20,448",Leave,59%,76%,"£190,000","£31,500",33.10%,27.30%,3.20%
Penrith and The Border,"67,555",Cumbria,North West,Neil Hudson,Conservative,Labour,"18,519",Leave,55%,72%,"£202,250","£28,500",18.80%,26.90%,3.20%
Berwick-upon-Tweed,"59,939",Northumberland,North East,Anne-Marie Trevelyan,Conservative,Labour,"14,835",Leave,56%,63%,"£190,000","£27,600",17.20%,25.90%,3.20%
Carmarthen East and Dinefwr,"57,419",Carmarthenshire,Wales,Jonathan Edwards,Independent,Conservatives,"1,809",Leave,54%,75%,"£161,750","£29,000",26.80%,25.90%,3.20%
Copeland,"61,693",Cumbria,North West,Trudy Harrison,Conservative,Labour,"5,842",Leave,60%,71%,"£139,000","£35,700",47.10%,23.10%,3.20%
West Dunbartonshire,"66,517",West Dunbartonshire,Scotland,Martin Docherty,SNP,Labour,"9,553",Remain,62%,55%,,"£23,400",39.10%,16.50%,3.10%
Doncaster North,"72,362",South Yorkshire,Yorkshire & the Humber,Ed Miliband,Labour,Labour,"3,630",Leave,72%,64%,"£127,999","£27,400",20.60%,14.30%,3.10%
Sefton Central,"69,760",Merseyside,North West,Bill Esterson,Labour,Conservatives,"15,122",Remain,55%,86%,"£225,500","£33,200",25.60%,29.40%,3.00%
Lanark and Hamilton East,"77,659",South Lanarkshire,Scotland,Angela Crawley,SNP,Conservatives,"5,187",Remain,65%,67%,,"£27,300",34.60%,23.60%,3.00%
Barrow and Furness,"70,158",Cumbria,North West,Simon Fell,Conservative,Labour,"5,789",Leave,57%,74%,"£150,000","£32,400",21.00%,22.30%,3.00%
St Helens South and Whiston,"79,061",Merseyside,North West,Marie Rimmer,Labour,Conservatives,"2,946",Leave,56%,67%,"£138,500","£27,900",27.00%,20.30%,3.00%
Bootle,"74,832",Merseyside,North West,Peter Dowd,Labour,Conservatives,"34,556",Leave,55%,56%,"£130,000","£26,500",32.10%,16.50%,3.00%
Bolsover,"75,161",Derbyshire,East Midlands,Mark Fletcher,Conservative,Labour,"5,299",Leave,70%,67%,"£145,000","£25,700",15.10%,16.30%,3.00%
Ashfield,"78,204",Nottinghamshire,East Midlands,Lee Anderson,Conservative,Ashfield Independents,"5,733",Leave,71%,69%,"£146,000","£26,100",23.60%,14.60%,3.00%
Na h-Eileanan an Iar,"21,106",Outer Hebrides,Scotland,Angus MacNeil,SNP,Labour,"2,438",Remain,55%,73%,,"£23,000",42.20%,26.40%,2.90%
Dwyfor Meirionnydd,"44,362",Gwynedd,Wales,Liz Saville Roberts,Plaid Cymru,Conservatives,"4,740",Remain,52%,68%,"£170,000","£22,700",22.30%,25.00%,2.90%
"Ayr, Carrick and Cumnock","71,970",East Ayrshire and South Ayrshire,Scotland,Allan Dorans,SNP,Conservatives,"2,329",Remain,57%,64%,,"£25,000",34.10%,21.00%,2.90%
Sherwood,"77,888",Nottinghamshire,East Midlands,Mark Spencer,Conservative,Labour,"16,186",Leave,64%,73%,"£177,000","£29,500",19.70%,20.50%,2.90%
Rother Valley,"74,804",South Yorkshire,Yorkshire & the Humber,Alexander Stafford,Conservative,Conservatives,"3,121",Leave,67%,74%,"£170,000","£28,200",18.30%,20.50%,2.90%
"Cumbernauld, Kilsyth and Kirkintilloch East","66,079",East Dunbartonshire and North Lanarkshire,Scotland,Stuart McDonald,SNP,Labour,"12,976",Remain,62%,68%,,"£23,800",23.80%,19.80%,2.90%
Aberavon,"50,750",Neath Port Talbot,Wales,Stephen Kinnock,Labour,Conservatives,"10,490",Leave,60%,67%,"£119,250","£28,300",25.20%,16.60%,2.90%
Barnsley East,"69,504",South Yorkshire,Yorkshire & the Humber,Stephanie Peacock,Labour,Brexit Party,"3,217",Leave,71%,63%,"£127,000","£25,800",18.40%,14.80%,2.90%
South Staffordshire,"73,668",Staffordshire,West Midlands,Gavin Williamson,Conservative,Labour,"27,761",Leave,65%,76%,"£240,000","£32,700",17.50%,24.50%,2.80%
Hartlepool,"70,855",County Durham (prev. Cleveland),North East,Jill Mortimer,Conservative,Conservatives,"3,595",Leave,70%,60%,"£128,500","£27,900",23.70%,17.60%,2.80%
North West Durham,"72,166",County Durham,North East,Richard Holden,Conservative,Labour,"17,956",Leave,55%,70%,"£120,000","£26,900",15.20%,23.50%,2.70%
Middlesbrough South and East Cleveland,"72,348",North Yorkshire (prev. Cleveland),North East,Simon Clarke,Conservative,Labour,"28,018",Leave,65%,68%,"£159,950","£29,700",24.30%,22.40%,2.70%
Central Ayrshire,"69,742",North Ayrshire and South Ayrshire,Scotland,Philippa Whitford,SNP,Conservatives,"5,304",Remain,58%,66%,,"£26,100",19.00%,21.50%,2.70%
North Ayrshire and Arran,"73,534",North Ayrshire,Scotland,Patricia Gibson,SNP,Conservatives,"8,521",Remain,58%,64%,,"£24,600",26.30%,21.40%,2.70%
Caerphilly,"63,166",Caerphilly; Newport,Wales,Wayne David,Labour,Conservatives,"6,833",Leave,55%,70%,"£156,000","£27,400",29.70%,20.60%,2.70%
Amber Valley,"69,976",Derbyshire,East Midlands,Nigel Mills,Conservative,Labour,"16,886",Leave,65%,72%,"£160,000","£27,700",20.30%,18.70%,2.70%
Cynon Valley,"51,134",Rhondda Cynon Taf,Wales,Beth Winter,Labour,Conservatives,"8,822",Leave,57%,69%,"£99,000","£26,400",31.90%,17.40%,2.70%
"Coatbridge, Chryston and Bellshill","72,943",North Lanarkshire,Scotland,Steven Bonnar,SNP,Labour,"5,624",Remain,61%,62%,,"£24,000",17.40%,17.00%,2.70%
Penistone and Stocksbridge,"70,925",South Yorkshire,Yorkshire & the Humber,Miriam Cates,Conservative,Labour,"7,210",Leave,61%,76%,"£180,000","£32,100",13.00%,24.50%,2.60%
Blaydon,"67,853",Tyne and Wear,North East,Liz Twist,Labour,Conservatives,"5,531",Leave,56%,69%,"£155,000","£27,400",8.80%,23.00%,2.60%
Sedgefield,"64,325",County Durham,North East,Paul Howell,Conservative,Labour,"4,513",Leave,59%,66%,"£137,745","£29,300",13.50%,21.20%,2.60%
Inverclyde,"60,622",Inverclyde,Scotland,Ronnie Cowan,SNP,Labour,"7,512",Remain,64%,61%,,"£23,900",31.80%,19.70%,2.60%
Torfaen,"62,330",Torfaen,Wales,Nick Thomas-Symonds,Labour,Conservatives,"3,742",Leave,61%,65%,"£154,750","£28,100",30.40%,19.30%,2.60%
Halton,"71,930",Cheshire,North West,Derek Twigg,Labour,Conservatives,"18,975",Leave,58%,64%,"£145,000","£29,100",18.10%,17.40%,2.60%
Airdrie and Shotts,"64,011",North Lanarkshire,Scotland,Anum Qaisar-Javed,SNP,Labour,"5,201",Remain,60%,60%,,"£22,900",26.20%,15.50%,2.60%
St Helens North,"75,593",Merseyside,North West,Conor McGinn,Labour,Conservatives,"6,293",Leave,58%,67%,"£145,000","£27,600",17.50%,20.70%,2.50%
Makerfield,"74,190",Greater Manchester,North West,Yvonne Fovargue,Labour,Conservatives,"4,740",Leave,65%,74%,"£142,250","£30,100",21.10%,19.40%,2.50%
Kilmarnock and Loudoun,"74,517",East Ayrshire,Scotland,Alan Brown,SNP,Conservatives,"12,659",Remain,60%,63%,,"£24,700",34.80%,19.20%,2.50%
Cannock Chase,"74,813",Staffordshire,West Midlands,Amanda Milling,Conservative,Labour,"19,879",Leave,69%,69%,"£185,000","£27,500",14.40%,17.20%,2.50%
Wansbeck,"63,339",Northumberland,North East,Ian Lavery,Labour,Conservatives,814,Leave,56%,65%,"£138,500","£28,200",39.10%,22.40%,2.40%
North East Derbyshire,"72,345",Derbyshire,East Midlands,Lee Rowley,Conservative,Labour,"24,283",Leave,62%,71%,"£205,000","£30,300",23.60%,22.20%,2.40%
Workington,"61,370",Cumbria,North West,Mark Jenkinson,Conservative,Labour,"4,176",Leave,60%,68%,"£155,500","£31,900",19.10%,20.80%,2.40%
Bishop Auckland,"68,170",County Durham,North East,Dehenna Davison,Conservative,Labour,"7,962",Leave,61%,65%,"£120,000","£25,800",22.40%,20.00%,2.40%
Jarrow,"65,103",Tyne and Wear,North East,Kate Osborne,Labour,Conservatives,"7,120",Leave,62%,60%,"£135,074","£24,600",18.50%,19.70%,2.40%
Ogmore,"57,581",Rhondda Cynon Taf,Wales,Chris Elmore,Labour Co-op,Conservatives,"7,805",Leave,60%,72%,"£140,000","£27,100",23.10%,18.00%,2.40%
Washington and Sunderland West,"66,278",Tyne and Wear,North East,Sharon Hodgson,Labour,Conservatives,"3,723",Leave,62%,58%,"£120,000","£23,800",20.50%,15.90%,2.40%
Wentworth and Dearne,"74,536",South Yorkshire,Yorkshire & the Humber,John Healey,Labour,Conservatives,"2,165",Leave,69%,64%,"£130,000","£26,700",16.30%,15.50%,2.40%
Staffordshire Moorlands,"65,485",Staffordshire,West Midlands,Karen Bradley,Conservative,Conservatives,"12,209",Leave,65%,80%,"£186,500","£30,400",15.40%,24.10%,2.30%
Neath,"56,419",Neath Port Talbot,Wales,Christina Rees,Labour,Conservatives,"5,637",Leave,54%,70%,"£134,950","£26,200",27.60%,20.70%,2.30%
Blyth Valley,"64,429",Northumberland,North East,Ian Levy,Conservative,Labour,712,Leave,60%,65%,"£138,000","£26,300",13.60%,18.70%,2.30%
North Durham,"66,796",County Durham,North East,Kevan Jones,Labour,Liberal Democracts,"14,813",Leave,60%,67%,"£121,000","£27,200",18.30%,20.20%,2.20%
Redcar,"65,864",North Yorkshire (prev. Cleveland),North East,Jacob Young,Conservative,Labour,"3,527",Leave,68%,65%,"£130,000","£25,000",18.60%,16.80%,2.20%
Easington,"61,182",County Durham,North East,Grahame Morris,Labour,Conservatives,"6,581",Leave,67%,64%,"£83,000","£26,400",20.20%,15.30%,2.20%
Blaenau Gwent,"50,739",Blaenau Gwent,Wales,Nick Smith,Labour,Brexit Party,"8,647",Leave,62%,62%,"£95,000","£24,200",26.60%,15.20%,2.20%
Islwyn,"55,423",Caerphilly,Wales,Chris Evans,Labour Co-op,Conservatives,"5,464",Leave,59%,70%,"£137,000","£28,600",22.80%,18.10%,2.10%
Rhondda,"50,262",Rhondda Cynon Taf,Wales,Chris Bryant,Labour,Conservatives,"11,440",Leave,61%,70%,"£85,000","£23,700",38.90%,14.00%,2.10%
Houghton and Sunderland South,"68,835",Tyne and Wear,North East,Bridget Phillipson,Labour,Conservatives,"3,115",Leave,63%,62%,"£126,000","£27,900",21.40%,16.70%,2.00%
Knowsley,"84,082",Merseyside,North West,George Howarth,Labour,Conservatives,"39,942",Leave,52%,60%,"£150,000","£28,100",19.30%,14.30%,2.00%